,MTTF AdaFT,MTTF AdaFT DVFS,MTTF All On,MTTF DVFS,Number of Processors,QoC Constraint,Version 1 Execution Time,Version 1 Power,Version 1 WCET,Version 2 Execution Time,Version 2 Power,Version 2 WCET
0,9.217802349346151,9.229009785146667,8.916027145328215,9.229009785146667,3,0.15,0.004,10,0.008,0.001,1.0,0.002
1,9.217802349346151,9.229009785146667,9.206952614398432,9.229009785146667,3,0.35,0.004,10,0.008,0.001,1.0,0.002
2,9.22425056832257,9.230042592751644,9.213394864914928,9.230042592751644,3,0.55,0.004,10,0.008,0.001,1.0,0.002
3,9.22425056832257,9.230042592751644,9.213394864914928,9.230042592751644,3,0.75,0.004,10,0.008,0.001,1.0,0.002
4,9.32368172496319,9.331771358193441,9.315559959433882,9.331771358193441,4,0.15,0.004,10,0.008,0.001,1.0,0.002
5,9.32368172496319,9.331771358193441,9.315559959433882,9.331771358193441,4,0.35,0.004,10,0.008,0.001,1.0,0.002
6,9.328052455619815,9.33250539798256,9.319900251773397,9.33250539798256,4,0.55,0.004,10,0.008,0.001,1.0,0.002
7,9.328052455619815,9.33250539798256,9.319900251773397,9.33250539798256,4,0.75,0.004,10,0.008,0.001,1.0,0.002
8,9.385238168485738,9.391981110609443,9.378661820326652,9.391981110609443,5,0.15,0.004,10,0.008,0.001,1.0,0.002
9,9.385238168485738,9.391981110609443,9.378661820326652,9.391981110609443,5,0.35,0.004,10,0.008,0.001,1.0,0.002
10,9.388965237897864,9.392598436758828,9.382391890144083,9.392598436758828,5,0.55,0.004,10,0.008,0.001,1.0,0.002
11,9.388965237897864,9.392598436758828,9.382391890144083,9.392598436758828,5,0.75,0.004,10,0.008,0.001,1.0,0.002
12,9.425016202624192,9.430746243167176,9.419436934263196,9.430746243167176,6,0.15,0.004,10,0.008,0.001,1.0,0.002
13,9.425016202624192,9.430746243167176,9.419436934263196,9.430746243167176,6,0.35,0.004,10,0.008,0.001,1.0,0.002
14,9.428189634962372,9.431263531333743,9.42261104995813,9.431263531333743,6,0.55,0.004,10,0.008,0.001,1.0,0.002
15,9.428189634962372,9.431263531333743,9.42261104995813,9.431263531333743,6,0.75,0.004,10,0.008,0.001,1.0,0.002
16,9.217802349346151,9.229009785146667,9.206952614398432,9.229009785146667,3,0.15,0.004,10,0.008,0.001,1.0,0.003
17,9.217802349346151,9.229009785146667,9.206952614398432,9.229009785146667,3,0.35,0.004,10,0.008,0.001,1.0,0.003
18,9.22425056832257,9.230042592751644,9.213394864914928,9.230042592751644,3,0.55,0.004,10,0.008,0.001,1.0,0.003
19,9.22425056832257,9.230042592751644,9.213394864914928,9.230042592751644,3,0.75,0.004,10,0.008,0.001,1.0,0.003
20,9.32368172496319,9.331771358193441,9.315559959433882,9.331771358193441,4,0.15,0.004,10,0.008,0.001,1.0,0.003
21,9.32368172496319,9.331771358193441,9.315559959433882,9.331771358193441,4,0.35,0.004,10,0.008,0.001,1.0,0.003
22,9.328052455619815,9.33250539798256,9.319900251773397,9.33250539798256,4,0.55,0.004,10,0.008,0.001,1.0,0.003
23,9.328052455619815,9.33250539798256,9.319900251773397,9.33250539798256,4,0.75,0.004,10,0.008,0.001,1.0,0.003
24,9.385238168485738,9.391981110609443,9.378661820326652,9.391981110609443,5,0.15,0.004,10,0.008,0.001,1.0,0.003
25,9.385238168485738,9.391981110609443,9.378661820326652,9.391981110609443,5,0.35,0.004,10,0.008,0.001,1.0,0.003
26,9.388965237897864,9.392598436758828,9.382391890144083,9.392598436758828,5,0.55,0.004,10,0.008,0.001,1.0,0.003
27,9.388965237897864,9.392598436758828,9.382391890144083,9.392598436758828,5,0.75,0.004,10,0.008,0.001,1.0,0.003
28,9.425016202624192,9.430746243167176,9.419436934263196,9.430746243167176,6,0.15,0.004,10,0.008,0.001,1.0,0.003
29,9.425016202624192,9.430746243167176,9.419436934263196,9.430746243167176,6,0.35,0.004,10,0.008,0.001,1.0,0.003
30,9.428189634962372,9.431263531333743,9.42261104995813,9.431263531333743,6,0.55,0.004,10,0.008,0.001,1.0,0.003
31,9.428189634962372,9.431263531333743,9.42261104995813,9.431263531333743,6,0.75,0.004,10,0.008,0.001,1.0,0.003
32,9.212117977012813,9.229009785146667,9.190440488266075,9.229009785146667,3,0.15,0.004,10,0.008,0.002,1.0,0.003
33,9.212117977012813,9.229009785146667,9.190440488266075,9.229009785146667,3,0.35,0.004,10,0.008,0.002,1.0,0.003
34,9.218365234486946,9.230042592751644,9.19678883760367,9.230042592751644,3,0.55,0.004,10,0.008,0.002,1.0,0.003
35,9.218478121507122,9.230042592751644,9.19678883760367,9.230042592751644,3,0.75,0.004,10,0.008,0.002,1.0,0.003
36,9.319263989271441,9.331771358193441,9.303030724992762,9.331771358193441,4,0.15,0.004,10,0.008,0.002,1.0,0.003
37,9.319263989271441,9.331771358193441,9.303030724992762,9.331771358193441,4,0.35,0.004,10,0.008,0.002,1.0,0.003
38,9.323617633024854,9.33250539798256,9.307324907453372,9.33250539798256,4,0.55,0.004,10,0.008,0.002,1.0,0.003
39,9.323617633024854,9.33250539798256,9.307324907453372,9.33250539798256,4,0.75,0.004,10,0.008,0.002,1.0,0.003
40,9.38167357321849,9.391981110609443,9.368527542093783,9.391981110609443,5,0.15,0.004,10,0.008,0.002,1.0,0.003
41,9.38167357321849,9.391981110609443,9.368527542093783,9.391981110609443,5,0.35,0.004,10,0.008,0.002,1.0,0.003
42,9.385349943266917,9.392598436758828,9.372210286712134,9.392598436758828,5,0.55,0.004,10,0.008,0.002,1.0,0.003
43,9.385281166119215,9.392598436758828,9.372210286712134,9.392598436758828,5,0.75,0.004,10,0.008,0.002,1.0,0.003
44,9.422003411966365,9.430746243167176,9.410847894417214,9.430746243167176,6,0.15,0.004,10,0.008,0.002,1.0,0.003
45,9.422003411966365,9.430746243167176,9.410847894417214,9.430746243167176,6,0.35,0.004,10,0.008,0.002,1.0,0.003
46,9.42513495676283,9.431263531333743,9.41398121873294,9.431263531333743,6,0.55,0.004,10,0.008,0.002,1.0,0.003
47,9.42513495676283,9.431263531333743,9.41398121873294,9.431263531333743,6,0.75,0.004,10,0.008,0.002,1.0,0.003
48,9.217802349346151,9.229009785146667,9.206952614398432,9.229009785146667,3,0.15,0.004,10,0.008,0.001,1.0,0.004
49,9.217802349346151,9.229009785146667,9.206952614398432,9.229009785146667,3,0.35,0.004,10,0.008,0.001,1.0,0.004
50,9.22425056832257,9.230042592751644,9.213394864914928,9.230042592751644,3,0.55,0.004,10,0.008,0.001,1.0,0.004
51,9.22425056832257,9.230042592751644,9.213394864914928,9.230042592751644,3,0.75,0.004,10,0.008,0.001,1.0,0.004
52,9.32368172496319,9.331771358193441,9.315559959433882,9.331771358193441,4,0.15,0.004,10,0.008,0.001,1.0,0.004
53,9.32368172496319,9.331771358193441,9.315559959433882,9.331771358193441,4,0.35,0.004,10,0.008,0.001,1.0,0.004
54,9.328052455619815,9.33250539798256,9.319900251773397,9.33250539798256,4,0.55,0.004,10,0.008,0.001,1.0,0.004
55,9.328052455619815,9.33250539798256,9.319900251773397,9.33250539798256,4,0.75,0.004,10,0.008,0.001,1.0,0.004
56,9.385238168485738,9.391981110609443,9.378661820326652,9.391981110609443,5,0.15,0.004,10,0.008,0.001,1.0,0.004
57,9.385238168485738,9.391981110609443,9.378661820326652,9.391981110609443,5,0.35,0.004,10,0.008,0.001,1.0,0.004
58,9.388965237897864,9.392598436758828,9.382391890144083,9.392598436758828,5,0.55,0.004,10,0.008,0.001,1.0,0.004
59,9.388965237897864,9.392598436758828,9.382391890144083,9.392598436758828,5,0.75,0.004,10,0.008,0.001,1.0,0.004
60,9.425016202624192,9.430746243167176,9.419436934263196,9.430746243167176,6,0.15,0.004,10,0.008,0.001,1.0,0.004
61,9.425016202624192,9.430746243167176,9.419436934263196,9.430746243167176,6,0.35,0.004,10,0.008,0.001,1.0,0.004
62,9.428189634962372,9.431263531333743,9.42261104995813,9.431263531333743,6,0.55,0.004,10,0.008,0.001,1.0,0.004
63,9.428189634962372,9.431263531333743,9.42261104995813,9.431263531333743,6,0.75,0.004,10,0.008,0.001,1.0,0.004
64,9.212117977012813,9.229009785146667,9.190440488266075,9.229009785146667,3,0.15,0.004,10,0.008,0.002,1.0,0.004
65,9.212117977012813,9.229009785146667,9.190440488266075,9.229009785146667,3,0.35,0.004,10,0.008,0.002,1.0,0.004
66,9.218478121507122,9.230042592751644,9.19678883760367,9.230042592751644,3,0.55,0.004,10,0.008,0.002,1.0,0.004
67,9.218365234486946,9.230042592751644,9.19678883760367,9.230042592751644,3,0.75,0.004,10,0.008,0.002,1.0,0.004
68,9.319263989271441,9.331771358193441,9.303030724992762,9.331771358193441,4,0.15,0.004,10,0.008,0.002,1.0,0.004
69,9.319263989271441,9.331771358193441,9.303030724992762,9.331771358193441,4,0.35,0.004,10,0.008,0.002,1.0,0.004
70,9.323531850537004,9.33250539798256,9.307324907453372,9.33250539798256,4,0.55,0.004,10,0.008,0.002,1.0,0.004
71,9.323617633024854,9.33250539798256,9.307324907453372,9.33250539798256,4,0.75,0.004,10,0.008,0.002,1.0,0.004
72,9.38167357321849,9.391981110609443,9.368527542093783,9.391981110609443,5,0.15,0.004,10,0.008,0.002,1.0,0.004
73,9.38167357321849,9.391981110609443,9.368527542093783,9.391981110609443,5,0.35,0.004,10,0.008,0.002,1.0,0.004
74,9.385349943266917,9.392598436758828,9.372210286712134,9.392598436758828,5,0.55,0.004,10,0.008,0.002,1.0,0.004
75,9.385349943266917,9.392598436758828,9.372210286712134,9.392598436758828,5,0.75,0.004,10,0.008,0.002,1.0,0.004
76,9.422003411966365,9.430746243167176,9.410847894417214,9.430746243167176,6,0.15,0.004,10,0.008,0.002,1.0,0.004
77,9.422003411966365,9.430746243167176,9.410847894417214,9.430746243167176,6,0.35,0.004,10,0.008,0.002,1.0,0.004
78,9.42513495676283,9.431263531333743,9.41398121873294,9.431263531333743,6,0.55,0.004,10,0.008,0.002,1.0,0.004
79,9.42513495676283,9.431263531333743,9.41398121873294,9.431263531333743,6,0.75,0.004,10,0.008,0.002,1.0,0.004
80,9.206453059876138,9.229009785146667,9.173969709115005,9.229009785146667,3,0.15,0.004,10,0.008,0.003,1.0,0.004
81,9.206453059876138,9.229009785146667,9.173969709115005,9.229009785146667,3,0.35,0.004,10,0.008,0.003,1.0,0.004
82,9.212891101637881,9.230042592751644,9.180224402377192,9.230042592751644,3,0.55,0.004,10,0.008,0.003,1.0,0.004
83,9.212891101637881,9.230042592751644,9.180224402377192,9.230042592751644,3,0.75,0.004,10,0.008,0.003,1.0,0.004
84,9.314879494313494,9.331771358193441,9.290531058123495,9.331771358193441,4,0.15,0.004,10,0.008,0.003,1.0,0.004
85,9.314879494313494,9.331771358193441,9.290531058123495,9.331771358193441,4,0.35,0.004,10,0.008,0.003,1.0,0.004
86,9.31932957088824,9.33250539798256,9.29477929918548,9.33250539798256,4,0.55,0.004,10,0.008,0.003,1.0,0.004
87,9.31932957088824,9.33250539798256,9.29477929918548,9.33250539798256,4,0.75,0.004,10,0.008,0.003,1.0,0.004
88,9.378127973323545,9.391981110609443,9.3584180315964,9.391981110609443,5,0.15,0.004,10,0.008,0.003,1.0,0.004
89,9.378127973323545,9.391981110609443,9.3584180315964,9.391981110609443,5,0.35,0.004,10,0.008,0.003,1.0,0.004
90,9.381855882880277,9.392598436758828,9.362053579080305,9.392598436758828,5,0.55,0.004,10,0.008,0.003,1.0,0.004
91,9.381855882880277,9.392598436758828,9.362053579080305,9.392598436758828,5,0.75,0.004,10,0.008,0.003,1.0,0.004
92,9.419010141488286,9.430746243167176,9.402281358228587,9.430746243167176,6,0.15,0.004,10,0.008,0.003,1.0,0.004
93,9.419010141488286,9.430746243167176,9.402281358228587,9.430746243167176,6,0.35,0.004,10,0.008,0.003,1.0,0.004
94,9.422185562032107,9.431263531333743,9.405374000664443,9.431263531333743,6,0.55,0.004,10,0.008,0.003,1.0,0.004
95,9.422185562032107,9.431263531333743,9.405374000664443,9.431263531333743,6,0.75,0.004,10,0.008,0.003,1.0,0.004
96,9.217802349346151,9.229009785146667,9.206952614398432,9.229009785146667,3,0.15,0.004,10,0.008,0.001,1.0,0.005
97,9.217802349346151,9.229009785146667,9.206952614398432,9.229009785146667,3,0.35,0.004,10,0.008,0.001,1.0,0.005
98,9.22425056832257,9.230042592751644,9.213394864914928,9.230042592751644,3,0.55,0.004,10,0.008,0.001,1.0,0.005
99,9.22425056832257,9.230042592751644,9.213394864914928,9.230042592751644,3,0.75,0.004,10,0.008,0.001,1.0,0.005
100,9.32368172496319,9.331771358193441,9.315559959433882,9.331771358193441,4,0.15,0.004,10,0.008,0.001,1.0,0.005
101,9.32368172496319,9.331771358193441,9.315559959433882,9.331771358193441,4,0.35,0.004,10,0.008,0.001,1.0,0.005
102,9.328052455619815,9.33250539798256,9.319900251773397,9.33250539798256,4,0.55,0.004,10,0.008,0.001,1.0,0.005
103,9.328052455619815,9.33250539798256,9.319900251773397,9.33250539798256,4,0.75,0.004,10,0.008,0.001,1.0,0.005
104,9.385238168485738,9.391981110609443,9.378661820326652,9.391981110609443,5,0.15,0.004,10,0.008,0.001,1.0,0.005
105,9.385238168485738,9.391981110609443,9.378661820326652,9.391981110609443,5,0.35,0.004,10,0.008,0.001,1.0,0.005
106,9.388965237897864,9.392598436758828,9.382391890144083,9.392598436758828,5,0.55,0.004,10,0.008,0.001,1.0,0.005
107,9.388965237897864,9.392598436758828,9.382391890144083,9.392598436758828,5,0.75,0.004,10,0.008,0.001,1.0,0.005
108,9.425016202624192,9.430746243167176,9.419436934263196,9.430746243167176,6,0.15,0.004,10,0.008,0.001,1.0,0.005
109,9.425016202624192,9.430746243167176,9.419436934263196,9.430746243167176,6,0.35,0.004,10,0.008,0.001,1.0,0.005
110,9.428189634962372,9.431263531333743,9.42261104995813,9.431263531333743,6,0.55,0.004,10,0.008,0.001,1.0,0.005
111,9.428189634962372,9.431263531333743,9.42261104995813,9.431263531333743,6,0.75,0.004,10,0.008,0.001,1.0,0.005
112,9.212117977012813,9.229009785146667,9.190440488266075,9.229009785146667,3,0.15,0.004,10,0.008,0.002,1.0,0.005
113,9.212117977012813,9.229009785146667,9.190440488266075,9.229009785146667,3,0.35,0.004,10,0.008,0.002,1.0,0.005
114,9.218478121507122,9.230042592751644,9.19678883760367,9.230042592751644,3,0.55,0.004,10,0.008,0.002,1.0,0.005
115,9.218478121507122,9.230042592751644,9.19678883760367,9.230042592751644,3,0.75,0.004,10,0.008,0.002,1.0,0.005
116,9.319263989271441,9.331771358193441,9.303030724992762,9.331771358193441,4,0.15,0.004,10,0.008,0.002,1.0,0.005
117,9.319263989271441,9.331771358193441,9.303030724992762,9.331771358193441,4,0.35,0.004,10,0.008,0.002,1.0,0.005
118,9.323617633024854,9.33250539798256,9.307324907453372,9.33250539798256,4,0.55,0.004,10,0.008,0.002,1.0,0.005
119,9.323531850537004,9.33250539798256,9.307324907453372,9.33250539798256,4,0.75,0.004,10,0.008,0.002,1.0,0.005
120,9.38167357321849,9.391981110609443,9.368527542093783,9.391981110609443,5,0.15,0.004,10,0.008,0.002,1.0,0.005
121,9.38167357321849,9.391981110609443,9.368527542093783,9.391981110609443,5,0.35,0.004,10,0.008,0.002,1.0,0.005
122,9.385281166119215,9.392598436758828,9.372210286712134,9.392598436758828,5,0.55,0.004,10,0.008,0.002,1.0,0.005
123,9.385349943266917,9.392598436758828,9.372210286712134,9.392598436758828,5,0.75,0.004,10,0.008,0.002,1.0,0.005
124,9.422003411966365,9.430746243167176,9.410847894417214,9.430746243167176,6,0.15,0.004,10,0.008,0.002,1.0,0.005
125,9.422003411966365,9.430746243167176,9.410847894417214,9.430746243167176,6,0.35,0.004,10,0.008,0.002,1.0,0.005
126,9.42513495676283,9.431263531333743,9.41398121873294,9.431263531333743,6,0.55,0.004,10,0.008,0.002,1.0,0.005
127,9.42513495676283,9.431263531333743,9.41398121873294,9.431263531333743,6,0.75,0.004,10,0.008,0.002,1.0,0.005
128,9.206453059876138,9.229009785146667,9.173969709115005,9.229009785146667,3,0.15,0.004,10,0.008,0.003,1.0,0.005
129,9.206453059876138,9.229009785146667,9.173969709115005,9.229009785146667,3,0.35,0.004,10,0.008,0.003,1.0,0.005
130,9.212891101637881,9.230042592751644,9.180224402377192,9.230042592751644,3,0.55,0.004,10,0.008,0.003,1.0,0.005
131,9.212891101637881,9.230042592751644,9.180224402377192,9.230042592751644,3,0.75,0.004,10,0.008,0.003,1.0,0.005
132,9.314879494313494,9.331771358193441,9.290531058123495,9.331771358193441,4,0.15,0.004,10,0.008,0.003,1.0,0.005
133,9.314879494313494,9.331771358193441,9.290531058123495,9.331771358193441,4,0.35,0.004,10,0.008,0.003,1.0,0.005
134,9.31932957088824,9.33250539798256,9.29477929918548,9.33250539798256,4,0.55,0.004,10,0.008,0.003,1.0,0.005
135,9.31932957088824,9.33250539798256,9.29477929918548,9.33250539798256,4,0.75,0.004,10,0.008,0.003,1.0,0.005
136,9.378127973323545,9.391981110609443,9.3584180315964,9.391981110609443,5,0.15,0.004,10,0.008,0.003,1.0,0.005
137,9.378127973323545,9.391981110609443,9.3584180315964,9.391981110609443,5,0.35,0.004,10,0.008,0.003,1.0,0.005
138,9.381855882880277,9.392598436758828,9.362053579080305,9.392598436758828,5,0.55,0.004,10,0.008,0.003,1.0,0.005
139,9.381855882880277,9.392598436758828,9.362053579080305,9.392598436758828,5,0.75,0.004,10,0.008,0.003,1.0,0.005
140,9.419010141488286,9.430746243167176,9.402281358228587,9.430746243167176,6,0.15,0.004,10,0.008,0.003,1.0,0.005
141,9.419010141488286,9.430746243167176,9.402281358228587,9.430746243167176,6,0.35,0.004,10,0.008,0.003,1.0,0.005
142,9.422185562032107,9.431263531333743,9.405374000664443,9.431263531333743,6,0.55,0.004,10,0.008,0.003,1.0,0.005
143,9.422185562032107,9.431263531333743,9.405374000664443,9.431263531333743,6,0.75,0.004,10,0.008,0.003,1.0,0.005
144,9.200583823956723,9.228314962029078,9.15754016954658,9.227021586942763,3,0.15,0.004,10,0.008,0.004,1.0,0.005
145,9.200583823956723,9.228314962029078,9.15754016954658,9.227021586942763,3,0.35,0.004,10,0.008,0.004,1.0,0.005
146,9.206987957559948,9.229350835047327,9.163701451140295,9.22804391066542,3,0.55,0.004,10,0.008,0.004,1.0,0.005
147,9.206987957559948,9.229350835047327,9.163701451140295,9.22804391066542,3,0.75,0.004,10,0.008,0.004,1.0,0.005
148,9.310366563276833,9.331242822289566,9.278060893389393,9.330267056527983,4,0.15,0.004,10,0.008,0.004,1.0,0.005
149,9.310366563276833,9.331242822289566,9.278060893389393,9.330267056527983,4,0.35,0.004,10,0.008,0.004,1.0,0.005
150,9.314807074345802,9.331974975970592,9.282263361298996,9.330993720729289,4,0.55,0.004,10,0.008,0.004,1.0,0.005
151,9.314807074345802,9.331974975970592,9.282263361298996,9.330993720729289,4,0.75,0.004,10,0.008,0.004,1.0,0.005
152,9.37447391442928,9.391547826868946,9.348333241778402,9.390764506504105,5,0.15,0.004,10,0.008,0.004,1.0,0.005
153,9.37447391442928,9.391547826868946,9.348333241778402,9.390764506504105,5,0.35,0.004,10,0.008,0.004,1.0,0.005
154,9.378180563425191,9.392166739696835,9.351921719959776,9.391375598678037,5,0.55,0.004,10,0.008,0.004,1.0,0.005
155,9.378180563425191,9.392166739696835,9.351921719959776,9.391375598678037,5,0.75,0.004,10,0.008,0.004,1.0,0.005
156,9.415921200682853,9.430383486489351,9.393737288953082,9.429715714735066,6,0.15,0.004,10,0.008,0.004,1.0,0.005
157,9.415921200682853,9.430383486489351,9.393737288953082,9.429715714735066,6,0.35,0.004,10,0.008,0.004,1.0,0.005
158,9.419088079945242,9.43089905410773,9.396789358817207,9.430227788193951,6,0.55,0.004,10,0.008,0.004,1.0,0.005
159,9.419088079945242,9.43089905410773,9.396789358817207,9.430227788193951,6,0.75,0.004,10,0.008,0.004,1.0,0.005
160,9.195030609184391,9.229009785146667,9.141109443619627,9.229009785146667,3,0.15,0.004,10,0.008,0.001,3.0,0.002
161,9.195030609184391,9.229009785146667,9.141109443619627,9.229009785146667,3,0.35,0.004,10,0.008,0.001,3.0,0.002
162,9.201126954516205,9.230042592751644,9.14717741649845,9.230042592751644,3,0.55,0.004,10,0.008,0.001,3.0,0.002
163,9.201126954516205,9.230042592751644,9.14717741649845,9.230042592751644,3,0.75,0.004,10,0.008,0.001,3.0,0.002
164,9.306025875928645,9.331771358193441,9.265535324262883,9.331771358193441,4,0.15,0.004,10,0.008,0.001,3.0,0.002
165,9.306025875928645,9.331771358193441,9.265535324262883,9.331771358193441,4,0.35,0.004,10,0.008,0.001,3.0,0.002
166,9.310262260659954,9.33250539798256,9.269691622099874,9.33250539798256,4,0.55,0.004,10,0.008,0.001,3.0,0.002
167,9.310262260659954,9.33250539798256,9.269691622099874,9.33250539798256,4,0.75,0.004,10,0.008,0.001,3.0,0.002
168,9.370915864141255,9.391981110609443,9.338162689915823,9.391981110609443,5,0.15,0.004,10,0.008,0.001,3.0,0.002
169,9.370915864141255,9.391981110609443,9.338162689915823,9.391981110609443,5,0.35,0.004,10,0.008,0.001,3.0,0.002
170,9.374441097166633,9.392598436758828,9.341703690906648,9.392598436758828,5,0.55,0.004,10,0.008,0.001,3.0,0.002
171,9.374441097166633,9.392598436758828,9.341703690906648,9.392598436758828,5,0.75,0.004,10,0.008,0.001,3.0,0.002
172,9.412898959841947,9.430746243167176,9.385088668590068,9.430746243167176,6,0.15,0.004,10,0.008,0.001,3.0,0.002
173,9.412898959841947,9.430746243167176,9.385088668590068,9.430746243167176,6,0.35,0.004,10,0.008,0.001,3.0,0.002
174,9.415903952075771,9.431263531333743,9.388099688781612,9.431263531333743,6,0.55,0.004,10,0.008,0.001,3.0,0.002
175,9.415903952075771,9.431263531333743,9.388099688781612,9.431263531333743,6,0.75,0.004,10,0.008,0.001,3.0,0.002
176,9.195030609184391,9.229009785146667,9.141109443619627,9.229009785146667,3,0.15,0.004,10,0.008,0.001,3.0,0.003
177,9.195030609184391,9.229009785146667,9.141109443619627,9.229009785146667,3,0.35,0.004,10,0.008,0.001,3.0,0.003
178,9.201126954516205,9.230042592751644,9.14717741649845,9.230042592751644,3,0.55,0.004,10,0.008,0.001,3.0,0.003
179,9.201126954516205,9.230042592751644,9.14717741649845,9.230042592751644,3,0.75,0.004,10,0.008,0.001,3.0,0.003
180,9.306025875928645,9.331771358193441,9.265535324262883,9.331771358193441,4,0.15,0.004,10,0.008,0.001,3.0,0.003
181,9.306025875928645,9.331771358193441,9.265535324262883,9.331771358193441,4,0.35,0.004,10,0.008,0.001,3.0,0.003
182,9.310262260659954,9.33250539798256,9.269691622099874,9.33250539798256,4,0.55,0.004,10,0.008,0.001,3.0,0.003
183,9.310262260659954,9.33250539798256,9.269691622099874,9.33250539798256,4,0.75,0.004,10,0.008,0.001,3.0,0.003
184,9.370915864141255,9.391981110609443,9.338162689915823,9.391981110609443,5,0.15,0.004,10,0.008,0.001,3.0,0.003
185,9.370915864141255,9.391981110609443,9.338162689915823,9.391981110609443,5,0.35,0.004,10,0.008,0.001,3.0,0.003
186,9.374441097166633,9.392598436758828,9.341703690906648,9.392598436758828,5,0.55,0.004,10,0.008,0.001,3.0,0.003
187,9.374441097166633,9.392598436758828,9.341703690906648,9.392598436758828,5,0.75,0.004,10,0.008,0.001,3.0,0.003
188,9.412898959841947,9.430746243167176,9.385088668590068,9.430746243167176,6,0.15,0.004,10,0.008,0.001,3.0,0.003
189,9.412898959841947,9.430746243167176,9.385088668590068,9.430746243167176,6,0.35,0.004,10,0.008,0.001,3.0,0.003
190,9.415903952075771,9.431263531333743,9.388099688781612,9.431263531333743,6,0.55,0.004,10,0.008,0.001,3.0,0.003
191,9.415903952075771,9.431263531333743,9.388099688781612,9.431263531333743,6,0.75,0.004,10,0.008,0.001,3.0,0.003
192,9.166738962019986,9.215606364124906,9.05965438646902,9.190436552823867,3,0.15,0.004,10,0.008,0.002,3.0,0.003
193,9.166738962019986,9.215606364124906,9.05965438646902,9.190436552823867,3,0.35,0.004,10,0.008,0.002,3.0,0.003
194,9.171835376120939,9.216699144605899,9.065259732374994,9.191266056146,3,0.55,0.004,10,0.008,0.002,3.0,0.003
195,9.172397443864886,9.216699144605899,9.065259732374994,9.191266056146,3,0.75,0.004,10,0.008,0.002,3.0,0.003
196,9.284162954521369,9.321461926969379,9.2035615184931,9.302555536890567,4,0.15,0.004,10,0.008,0.002,3.0,0.003
197,9.284162954521369,9.321461926969379,9.2035615184931,9.302555536890567,4,0.35,0.004,10,0.008,0.002,3.0,0.003
198,9.288166331546186,9.32225582200274,9.207447032695383,9.303146401762136,4,0.55,0.004,10,0.008,0.002,3.0,0.003
199,9.288166331546186,9.32225582200274,9.207447032695383,9.303146401762136,4,0.75,0.004,10,0.008,0.002,3.0,0.003
200,9.351239563741686,9.383517418647628,9.287905496497983,9.368334391915672,5,0.15,0.004,10,0.008,0.002,3.0,0.003
201,9.351239563741686,9.383517418647628,9.287905496497983,9.368334391915672,5,0.35,0.004,10,0.008,0.002,3.0,0.003
202,9.354563073752152,9.384165783756483,9.29120741791873,9.368830608623947,5,0.55,0.004,10,0.008,0.002,3.0,0.003
203,9.354563073752152,9.384165783756483,9.29120741791873,9.368830608623947,5,0.75,0.004,10,0.008,0.002,3.0,0.003
204,9.397866156994947,9.423652941071586,9.342441239978127,9.410703661942861,6,0.15,0.004,10,0.008,0.002,3.0,0.003
205,9.397866156994947,9.423652941071586,9.342441239978127,9.410703661942861,6,0.35,0.004,10,0.008,0.002,3.0,0.003
206,9.40066559388936,9.424201901454666,9.34524469513493,9.411119580680296,6,0.55,0.004,10,0.008,0.002,3.0,0.003
207,9.40066559388936,9.424201901454666,9.34524469513493,9.411119580680296,6,0.75,0.004,10,0.008,0.002,3.0,0.003
208,9.195030609184391,9.229009785146667,9.141109443619627,9.229009785146667,3,0.15,0.004,10,0.008,0.001,3.0,0.004
209,9.195030609184391,9.229009785146667,9.141109443619627,9.229009785146667,3,0.35,0.004,10,0.008,0.001,3.0,0.004
210,9.201126954516205,9.230042592751644,9.14717741649845,9.230042592751644,3,0.55,0.004,10,0.008,0.001,3.0,0.004
211,9.201126954516205,9.230042592751644,9.14717741649845,9.230042592751644,3,0.75,0.004,10,0.008,0.001,3.0,0.004
212,9.306025875928645,9.331771358193441,9.265535324262883,9.331771358193441,4,0.15,0.004,10,0.008,0.001,3.0,0.004
213,9.306025875928645,9.331771358193441,9.265535324262883,9.331771358193441,4,0.35,0.004,10,0.008,0.001,3.0,0.004
214,9.310262260659954,9.33250539798256,9.269691622099874,9.33250539798256,4,0.55,0.004,10,0.008,0.001,3.0,0.004
215,9.310262260659954,9.33250539798256,9.269691622099874,9.33250539798256,4,0.75,0.004,10,0.008,0.001,3.0,0.004
216,9.370915864141255,9.391981110609443,9.338162689915823,9.391981110609443,5,0.15,0.004,10,0.008,0.001,3.0,0.004
217,9.370915864141255,9.391981110609443,9.338162689915823,9.391981110609443,5,0.35,0.004,10,0.008,0.001,3.0,0.004
218,9.374441097166633,9.392598436758828,9.341703690906648,9.392598436758828,5,0.55,0.004,10,0.008,0.001,3.0,0.004
219,9.374441097166633,9.392598436758828,9.341703690906648,9.392598436758828,5,0.75,0.004,10,0.008,0.001,3.0,0.004
220,9.412898959841947,9.430746243167176,9.385088668590068,9.430746243167176,6,0.15,0.004,10,0.008,0.001,3.0,0.004
221,9.412898959841947,9.430746243167176,9.385088668590068,9.430746243167176,6,0.35,0.004,10,0.008,0.001,3.0,0.004
222,9.415903952075771,9.431263531333743,9.388099688781612,9.431263531333743,6,0.55,0.004,10,0.008,0.001,3.0,0.004
223,9.415903952075771,9.431263531333743,9.388099688781612,9.431263531333743,6,0.75,0.004,10,0.008,0.001,3.0,0.004
224,9.166738962019986,9.229009785146667,9.05965438646902,9.229009785146667,3,0.15,0.004,10,0.008,0.002,3.0,0.004
225,9.166738962019986,9.229009785146667,9.05965438646902,9.229009785146667,3,0.35,0.004,10,0.008,0.002,3.0,0.004
226,9.171835376120939,9.230042592751644,9.065259732374994,9.230042592751644,3,0.55,0.004,10,0.008,0.002,3.0,0.004
227,9.172397443864886,9.230042592751644,9.065259732374994,9.230042592751644,3,0.75,0.004,10,0.008,0.002,3.0,0.004
228,9.284162954521369,9.331771358193441,9.2035615184931,9.331771358193441,4,0.15,0.004,10,0.008,0.002,3.0,0.004
229,9.284162954521369,9.331771358193441,9.2035615184931,9.331771358193441,4,0.35,0.004,10,0.008,0.002,3.0,0.004
230,9.287738191005163,9.33250539798256,9.207447032695383,9.33250539798256,4,0.55,0.004,10,0.008,0.002,3.0,0.004
231,9.287738191005163,9.33250539798256,9.207447032695383,9.33250539798256,4,0.75,0.004,10,0.008,0.002,3.0,0.004
232,9.351239563741686,9.391981110609443,9.287905496497983,9.391981110609443,5,0.15,0.004,10,0.008,0.002,3.0,0.004
233,9.351239563741686,9.391981110609443,9.287905496497983,9.391981110609443,5,0.35,0.004,10,0.008,0.002,3.0,0.004
234,9.354563073752152,9.392598436758828,9.29120741791873,9.392598436758828,5,0.55,0.004,10,0.008,0.002,3.0,0.004
235,9.354563073752152,9.392598436758828,9.29120741791873,9.392598436758828,5,0.75,0.004,10,0.008,0.002,3.0,0.004
236,9.397866156994947,9.430746243167176,9.342441239978127,9.430746243167176,6,0.15,0.004,10,0.008,0.002,3.0,0.004
237,9.397866156994947,9.430746243167176,9.342441239978127,9.430746243167176,6,0.35,0.004,10,0.008,0.002,3.0,0.004
238,9.40066559388936,9.431263531333743,9.34524469513493,9.431263531333743,6,0.55,0.004,10,0.008,0.002,3.0,0.004
239,9.40066559388936,9.431263531333743,9.34524469513493,9.431263531333743,6,0.75,0.004,10,0.008,0.002,3.0,0.004
240,9.138630098776208,9.193580527792427,8.979128797750448,9.12819810777428,3,0.15,0.004,10,0.008,0.003,3.0,0.004
241,9.138630098776208,9.193580527792427,8.979128797750448,9.12819810777428,3,0.35,0.004,10,0.008,0.003,3.0,0.004
242,9.144677048966628,9.194768902565675,8.984277233904004,9.128699789645742,3,0.55,0.004,10,0.008,0.003,3.0,0.004
243,9.144677048966628,9.194768902565675,8.984277233904004,9.128699789645742,3,0.75,0.004,10,0.008,0.003,3.0,0.004
244,9.262473299355825,9.304790464264322,9.142160096033365,9.255349919028054,4,0.15,0.004,10,0.008,0.003,3.0,0.004
245,9.262473299355825,9.304790464264322,9.142160096033365,9.255349919028054,4,0.35,0.004,10,0.008,0.003,3.0,0.004
246,9.266844169253737,9.305679176229717,9.145765757146249,9.255709628379313,4,0.55,0.004,10,0.008,0.003,3.0,0.004
247,9.266844169253737,9.305679176229717,9.145765757146249,9.255709628379313,4,0.75,0.004,10,0.008,0.003,3.0,0.004
248,9.333599174428295,9.370019136674308,9.238046438712097,9.3301011290325,5,0.15,0.004,10,0.008,0.003,3.0,0.004
249,9.333599174428295,9.370019136674308,9.238046438712097,9.3301011290325,5,0.35,0.004,10,0.008,0.003,3.0,0.004
250,9.337156249726156,9.370529047520156,9.241106086218757,9.33040157801496,5,0.55,0.004,10,0.008,0.003,3.0,0.004
251,9.337156249726156,9.370529047520156,9.241106086218757,9.33040157801496,5,0.75,0.004,10,0.008,0.003,3.0,0.004
252,9.382959176990143,9.412196298267933,9.300106230416436,9.378286755145112,6,0.15,0.004,10,0.008,0.003,3.0,0.004
253,9.382959176990143,9.412196298267933,9.300106230416436,9.378286755145112,6,0.35,0.004,10,0.008,0.003,3.0,0.004
254,9.385981873632431,9.412797395305972,9.302696091203147,9.378538740914697,6,0.55,0.004,10,0.008,0.003,3.0,0.004
255,9.385981873632431,9.412797395305972,9.302696091203147,9.378538740914697,6,0.75,0.004,10,0.008,0.003,3.0,0.004
256,9.195030609184391,9.229009785146667,9.141109443619627,9.229009785146667,3,0.15,0.004,10,0.008,0.001,3.0,0.005
257,9.195030609184391,9.229009785146667,9.141109443619627,9.229009785146667,3,0.35,0.004,10,0.008,0.001,3.0,0.005
258,9.201126954516205,9.230042592751644,9.14717741649845,9.230042592751644,3,0.55,0.004,10,0.008,0.001,3.0,0.005
259,9.201126954516205,9.230042592751644,9.14717741649845,9.230042592751644,3,0.75,0.004,10,0.008,0.001,3.0,0.005
260,9.306025875928645,9.331771358193441,9.265535324262883,9.331771358193441,4,0.15,0.004,10,0.008,0.001,3.0,0.005
261,9.306025875928645,9.331771358193441,9.265535324262883,9.331771358193441,4,0.35,0.004,10,0.008,0.001,3.0,0.005
262,9.310262260659954,9.33250539798256,9.269691622099874,9.33250539798256,4,0.55,0.004,10,0.008,0.001,3.0,0.005
263,9.310262260659954,9.33250539798256,9.269691622099874,9.33250539798256,4,0.75,0.004,10,0.008,0.001,3.0,0.005
264,9.370915864141255,9.391981110609443,9.338162689915823,9.391981110609443,5,0.15,0.004,10,0.008,0.001,3.0,0.005
265,9.370915864141255,9.391981110609443,9.338162689915823,9.391981110609443,5,0.35,0.004,10,0.008,0.001,3.0,0.005
266,9.374441097166633,9.392598436758828,9.341703690906648,9.392598436758828,5,0.55,0.004,10,0.008,0.001,3.0,0.005
267,9.374441097166633,9.392598436758828,9.341703690906648,9.392598436758828,5,0.75,0.004,10,0.008,0.001,3.0,0.005
268,9.412898959841947,9.430746243167176,9.385088668590068,9.430746243167176,6,0.15,0.004,10,0.008,0.001,3.0,0.005
269,9.412898959841947,9.430746243167176,9.385088668590068,9.430746243167176,6,0.35,0.004,10,0.008,0.001,3.0,0.005
270,9.415903952075771,9.431263531333743,9.388099688781612,9.431263531333743,6,0.55,0.004,10,0.008,0.001,3.0,0.005
271,9.415903952075771,9.431263531333743,9.388099688781612,9.431263531333743,6,0.75,0.004,10,0.008,0.001,3.0,0.005
272,9.166738962019986,9.229009785146667,9.05965438646902,9.229009785146667,3,0.15,0.004,10,0.008,0.002,3.0,0.005
273,9.166738962019986,9.229009785146667,9.05965438646902,9.229009785146667,3,0.35,0.004,10,0.008,0.002,3.0,0.005
274,9.171835376120939,9.230042592751644,9.065259732374994,9.230042592751644,3,0.55,0.004,10,0.008,0.002,3.0,0.005
275,9.171835376120939,9.230042592751644,9.065259732374994,9.230042592751644,3,0.75,0.004,10,0.008,0.002,3.0,0.005
276,9.284162954521369,9.331771358193441,9.2035615184931,9.331771358193441,4,0.15,0.004,10,0.008,0.002,3.0,0.005
277,9.284162954521369,9.331771358193441,9.2035615184931,9.331771358193441,4,0.35,0.004,10,0.008,0.002,3.0,0.005
278,9.288166331546186,9.33250539798256,9.207447032695383,9.33250539798256,4,0.55,0.004,10,0.008,0.002,3.0,0.005
279,9.288166331546186,9.33250539798256,9.207447032695383,9.33250539798256,4,0.75,0.004,10,0.008,0.002,3.0,0.005
280,9.351239563741686,9.391981110609443,9.287905496497983,9.391981110609443,5,0.15,0.004,10,0.008,0.002,3.0,0.005
281,9.351239563741686,9.391981110609443,9.287905496497983,9.391981110609443,5,0.35,0.004,10,0.008,0.002,3.0,0.005
282,9.354563073752152,9.392598436758828,9.29120741791873,9.392598436758828,5,0.55,0.004,10,0.008,0.002,3.0,0.005
283,9.354563073752152,9.392598436758828,9.29120741791873,9.392598436758828,5,0.75,0.004,10,0.008,0.002,3.0,0.005
284,9.397866156994947,9.430746243167176,9.342441239978127,9.430746243167176,6,0.15,0.004,10,0.008,0.002,3.0,0.005
285,9.397866156994947,9.430746243167176,9.342441239978127,9.430746243167176,6,0.35,0.004,10,0.008,0.002,3.0,0.005
286,9.40066559388936,9.431263531333743,9.34524469513493,9.431263531333743,6,0.55,0.004,10,0.008,0.002,3.0,0.005
287,9.400387775827273,9.431263531333743,9.34524469513493,9.431263531333743,6,0.75,0.004,10,0.008,0.002,3.0,0.005
288,9.138630098776208,9.220444771131769,8.979128797750448,9.204526159918174,3,0.15,0.004,10,0.008,0.003,3.0,0.005
289,9.138630098776208,9.220444771131769,8.979128797750448,9.204526159918174,3,0.35,0.004,10,0.008,0.003,3.0,0.005
290,9.144677048966628,9.221515356521508,8.984277233904004,9.205429886718274,3,0.55,0.004,10,0.008,0.003,3.0,0.005
291,9.144677048966628,9.221515356521508,8.984277233904004,9.205429886718274,3,0.75,0.004,10,0.008,0.003,3.0,0.005
292,9.262473299355825,9.32525531626241,9.142160096033365,9.313239528416991,4,0.15,0.004,10,0.008,0.003,3.0,0.005
293,9.262473299355825,9.32525531626241,9.142160096033365,9.313239528416991,4,0.35,0.004,10,0.008,0.003,3.0,0.005
294,9.266844169253737,9.325965398651896,9.145765757146249,9.313882725023674,4,0.55,0.004,10,0.008,0.003,3.0,0.005
295,9.266844169253737,9.325965398651896,9.145765757146249,9.313882725023674,4,0.75,0.004,10,0.008,0.003,3.0,0.005
296,9.333599174428295,9.386637917410667,9.238046438712097,9.376990116059474,5,0.15,0.004,10,0.008,0.003,3.0,0.005
297,9.333599174428295,9.386637917410667,9.238046438712097,9.376990116059474,5,0.35,0.004,10,0.008,0.003,3.0,0.005
298,9.337156249726156,9.387272604346201,9.241106086218757,9.377530635559337,5,0.55,0.004,10,0.008,0.003,3.0,0.005
299,9.337156249726156,9.387272604346201,9.241106086218757,9.377530635559337,5,0.75,0.004,10,0.008,0.003,3.0,0.005
300,9.382959176990143,9.426273440017033,9.300106230416436,9.418046225391617,6,0.15,0.004,10,0.008,0.003,3.0,0.005
301,9.382959176990143,9.426273440017033,9.300106230416436,9.418046225391617,6,0.35,0.004,10,0.008,0.003,3.0,0.005
302,9.385981873632431,9.426769555286127,9.302696091203147,9.418499254527376,6,0.55,0.004,10,0.008,0.003,3.0,0.005
303,9.385981873632431,9.426769555286127,9.302696091203147,9.418499254527376,6,0.75,0.004,10,0.008,0.003,3.0,0.005
304,9.109592770969398,9.169258428983476,8.899520629378047,9.05932266185588,3,0.15,0.004,10,0.008,0.004,3.0,0.005
305,9.109592770969398,9.169258428983476,8.899520629378047,9.05932266185588,3,0.35,0.004,10,0.008,0.004,3.0,0.005
306,9.115472652455662,9.170554361027609,8.904217793813423,9.059461881603223,3,0.55,0.004,10,0.008,0.004,3.0,0.005
307,9.115472652455662,9.170554361027609,8.904217793813423,9.059461881603223,3,0.75,0.004,10,0.008,0.004,3.0,0.005
308,9.24013644571939,9.286299056899534,9.08131300053205,9.203012810350264,4,0.15,0.004,10,0.008,0.004,3.0,0.005
309,9.24013644571939,9.286299056899534,9.08131300053205,9.203012810350264,4,0.35,0.004,10,0.008,0.004,3.0,0.005
310,9.244356422175427,9.286831090319794,9.084641990990626,9.203115910386947,4,0.55,0.004,10,0.008,0.004,3.0,0.005
311,9.244356422175427,9.286831090319794,9.084641990990626,9.203115910386947,4,0.75,0.004,10,0.008,0.004,3.0,0.005
312,9.315430698519963,9.353101673571425,9.18857666396928,9.287671065445835,5,0.15,0.004,10,0.008,0.004,3.0,0.005
313,9.315430698519963,9.353101673571425,9.18857666396928,9.287671065445835,5,0.35,0.004,10,0.008,0.004,3.0,0.005
314,9.318913063954804,9.353540042850975,9.191396199131047,9.287754337158095,5,0.55,0.004,10,0.008,0.004,3.0,0.005
315,9.318913063954804,9.353540042850975,9.191396199131047,9.287754337158095,5,0.75,0.004,10,0.008,0.004,3.0,0.005
316,9.367615087401413,9.399491195405512,9.258073562120993,9.34229353325442,6,0.15,0.004,10,0.008,0.004,3.0,0.005
317,9.367615087401413,9.399491195405512,9.258073562120993,9.34229353325442,6,0.35,0.004,10,0.008,0.004,3.0,0.005
318,9.370574263701638,9.399860783683962,9.260451439213023,9.342363541552999,6,0.55,0.004,10,0.008,0.004,3.0,0.005
319,9.370574263701638,9.399860783683962,9.260451439213023,9.342363541552999,6,0.75,0.004,10,0.008,0.004,3.0,0.005
320,9.172328513970923,9.226131833129141,9.075855516858397,9.220725968346246,3,0.15,0.004,10,0.008,0.001,5.0,0.002
321,9.172328513970923,9.226131833129141,9.075855516858397,9.220725968346246,3,0.35,0.004,10,0.008,0.001,5.0,0.002
322,9.178074326410965,9.227149808969545,9.081552877752872,9.221715108749809,3,0.55,0.004,10,0.008,0.001,5.0,0.002
323,9.178074326410965,9.227149808969545,9.081552877752872,9.221715108749809,3,0.75,0.004,10,0.008,0.001,5.0,0.002
324,9.28846315632299,9.329556846572453,9.215878443188918,9.325499017532627,4,0.15,0.004,10,0.008,0.001,5.0,0.002
325,9.28846315632299,9.329556846572453,9.215878443188918,9.325499017532627,4,0.35,0.004,10,0.008,0.001,5.0,0.002
326,9.292513685429302,9.330304070703018,9.219820150221064,9.326202313251809,4,0.55,0.004,10,0.008,0.001,5.0,0.002
327,9.292513685429302,9.330304070703018,9.219820150221064,9.326202313251809,4,0.75,0.004,10,0.008,0.001,5.0,0.002
328,9.354731512494958,9.390179586191769,9.297884787055771,9.386904892200665,5,0.15,0.004,10,0.008,0.001,5.0,0.002
329,9.354731512494958,9.390179586191769,9.297884787055771,9.386904892200665,5,0.35,0.004,10,0.008,0.001,5.0,0.002
330,9.35810288497052,9.390803752826496,9.301235239706868,9.387496220000562,5,0.55,0.004,10,0.008,0.001,5.0,0.002
331,9.35810288497052,9.390803752826496,9.301235239706868,9.387496220000562,5,0.75,0.004,10,0.008,0.001,5.0,0.002
332,9.400798829340689,9.429221118798058,9.350899242057144,9.426443727638228,6,0.15,0.004,10,0.008,0.001,5.0,0.002
333,9.400798829340689,9.429221118798058,9.350899242057144,9.426443727638228,6,0.35,0.004,10,0.008,0.001,5.0,0.002
334,9.4036375847361,9.429744960102227,9.353745409703098,9.426939256024086,6,0.55,0.004,10,0.008,0.001,5.0,0.002
335,9.4036375847361,9.429744960102227,9.353745409703098,9.426939256024086,6,0.75,0.004,10,0.008,0.001,5.0,0.002
336,9.172328513970923,9.229009785146667,9.075855516858397,9.229009785146667,3,0.15,0.004,10,0.008,0.001,5.0,0.003
337,9.172328513970923,9.229009785146667,9.075855516858397,9.229009785146667,3,0.35,0.004,10,0.008,0.001,5.0,0.003
338,9.178074326410965,9.230042592751644,9.081552877752872,9.230042592751644,3,0.55,0.004,10,0.008,0.001,5.0,0.003
339,9.178074326410965,9.230042592751644,9.081552877752872,9.230042592751644,3,0.75,0.004,10,0.008,0.001,5.0,0.003
340,9.28846315632299,9.331771358193441,9.215878443188918,9.331771358193441,4,0.15,0.004,10,0.008,0.001,5.0,0.003
341,9.28846315632299,9.331771358193441,9.215878443188918,9.331771358193441,4,0.35,0.004,10,0.008,0.001,5.0,0.003
342,9.292513685429302,9.33250539798256,9.219820150221064,9.33250539798256,4,0.55,0.004,10,0.008,0.001,5.0,0.003
343,9.292513685429302,9.33250539798256,9.219820150221064,9.33250539798256,4,0.75,0.004,10,0.008,0.001,5.0,0.003
344,9.354731512494958,9.391981110609443,9.297884787055771,9.391981110609443,5,0.15,0.004,10,0.008,0.001,5.0,0.003
345,9.354731512494958,9.391981110609443,9.297884787055771,9.391981110609443,5,0.35,0.004,10,0.008,0.001,5.0,0.003
346,9.35810288497052,9.392598436758828,9.301235239706868,9.392598436758828,5,0.55,0.004,10,0.008,0.001,5.0,0.003
347,9.35810288497052,9.392598436758828,9.301235239706868,9.392598436758828,5,0.75,0.004,10,0.008,0.001,5.0,0.003
348,9.400798829340689,9.430746243167176,9.350899242057144,9.430746243167176,6,0.15,0.004,10,0.008,0.001,5.0,0.003
349,9.400798829340689,9.430746243167176,9.350899242057144,9.430746243167176,6,0.35,0.004,10,0.008,0.001,5.0,0.003
350,9.4036375847361,9.431263531333743,9.353745409703098,9.431263531333743,6,0.55,0.004,10,0.008,0.001,5.0,0.003
351,9.4036375847361,9.431263531333743,9.353745409703098,9.431263531333743,6,0.75,0.004,10,0.008,0.001,5.0,0.003
352,9.121636653266496,9.195228139947062,8.931194647745441,9.132046132540909,3,0.15,0.004,10,0.008,0.002,5.0,0.003
353,9.121636653266496,9.195228139947062,8.931194647745441,9.132046132540909,3,0.35,0.004,10,0.008,0.002,5.0,0.003
354,9.126598800082558,9.196411990815053,8.936071449383476,9.132568117643267,3,0.55,0.004,10,0.008,0.002,5.0,0.003
355,9.126598800082558,9.196411990815053,8.936071449383476,9.132568117643267,3,0.75,0.004,10,0.008,0.002,5.0,0.003
356,9.249304485538113,9.305778514048365,9.105465441469192,9.258256265772612,4,0.15,0.004,10,0.008,0.002,5.0,0.003
357,9.249304485538113,9.305778514048365,9.105465441469192,9.258256265772612,4,0.35,0.004,10,0.008,0.002,5.0,0.003
358,9.252858034490222,9.30666220924775,9.108904072921012,9.258630227449114,4,0.55,0.004,10,0.008,0.002,5.0,0.003
359,9.252858034490222,9.30666220924775,9.108904072921012,9.258630227449114,4,0.75,0.004,10,0.008,0.002,5.0,0.003
360,9.32283770911619,9.37081354083703,9.208161342201423,9.332444508841833,5,0.15,0.004,10,0.008,0.002,5.0,0.003
361,9.32283770911619,9.37081354083703,9.208161342201423,9.332444508841833,5,0.35,0.004,10,0.008,0.002,5.0,0.003
362,9.325138488995107,9.371327073893394,9.211075931332463,9.332756998228783,5,0.55,0.004,10,0.008,0.002,5.0,0.003
363,9.325754850028867,9.371327073893394,9.211075931332463,9.332756998228783,5,0.75,0.004,10,0.008,0.002,5.0,0.003
364,9.37381544520199,9.412856663163032,9.274669922337564,9.380264835172197,6,0.15,0.004,10,0.008,0.002,5.0,0.003
365,9.37381544520199,9.412856663163032,9.274669922337564,9.380264835172197,6,0.35,0.004,10,0.008,0.002,5.0,0.003
366,9.376273272631561,9.413454209959458,9.277131603878454,9.380526864979766,6,0.55,0.004,10,0.008,0.002,5.0,0.003
367,9.376273272631561,9.413454209959458,9.277131603878454,9.380526864979766,6,0.75,0.004,10,0.008,0.002,5.0,0.003
368,9.172328513970923,9.229009785146667,9.075855516858397,9.229009785146667,3,0.15,0.004,10,0.008,0.001,5.0,0.004
369,9.172328513970923,9.229009785146667,9.075855516858397,9.229009785146667,3,0.35,0.004,10,0.008,0.001,5.0,0.004
370,9.178074326410965,9.230042592751644,9.081552877752872,9.230042592751644,3,0.55,0.004,10,0.008,0.001,5.0,0.004
371,9.178074326410965,9.230042592751644,9.081552877752872,9.230042592751644,3,0.75,0.004,10,0.008,0.001,5.0,0.004
372,9.28846315632299,9.331771358193441,9.215878443188918,9.331771358193441,4,0.15,0.004,10,0.008,0.001,5.0,0.004
373,9.28846315632299,9.331771358193441,9.215878443188918,9.331771358193441,4,0.35,0.004,10,0.008,0.001,5.0,0.004
374,9.292513685429302,9.33250539798256,9.219820150221064,9.33250539798256,4,0.55,0.004,10,0.008,0.001,5.0,0.004
375,9.292513685429302,9.33250539798256,9.219820150221064,9.33250539798256,4,0.75,0.004,10,0.008,0.001,5.0,0.004
376,9.354731512494958,9.391981110609443,9.297884787055771,9.391981110609443,5,0.15,0.004,10,0.008,0.001,5.0,0.004
377,9.354731512494958,9.391981110609443,9.297884787055771,9.391981110609443,5,0.35,0.004,10,0.008,0.001,5.0,0.004
378,9.35810288497052,9.392598436758828,9.301235239706868,9.392598436758828,5,0.55,0.004,10,0.008,0.001,5.0,0.004
379,9.35810288497052,9.392598436758828,9.301235239706868,9.392598436758828,5,0.75,0.004,10,0.008,0.001,5.0,0.004
380,9.400798829340689,9.430746243167176,9.350899242057144,9.430746243167176,6,0.15,0.004,10,0.008,0.001,5.0,0.004
381,9.400798829340689,9.430746243167176,9.350899242057144,9.430746243167176,6,0.35,0.004,10,0.008,0.001,5.0,0.004
382,9.4036375847361,9.431263531333743,9.353745409703098,9.431263531333743,6,0.55,0.004,10,0.008,0.001,5.0,0.004
383,9.4036375847361,9.431263531333743,9.353745409703098,9.431263531333743,6,0.75,0.004,10,0.008,0.001,5.0,0.004
384,9.121636653266496,9.223214024173915,8.931194647745441,9.212455729433927,3,0.15,0.004,10,0.008,0.002,5.0,0.004
385,9.121636653266496,9.223214024173915,8.931194647745441,9.212455729433927,3,0.35,0.004,10,0.008,0.002,5.0,0.004
386,9.126598800082558,9.224272304250007,8.936071449383476,9.213401264306867,3,0.55,0.004,10,0.008,0.002,5.0,0.004
387,9.125591316715195,9.224272304250007,8.936071449383476,9.213401264306867,3,0.75,0.004,10,0.008,0.002,5.0,0.004
388,9.249304485538113,9.327359664000905,9.105465441469192,9.319240511656636,4,0.15,0.004,10,0.008,0.002,5.0,0.004
389,9.249304485538113,9.327359664000905,9.105465441469192,9.319240511656636,4,0.35,0.004,10,0.008,0.002,5.0,0.004
390,9.252858034490222,9.328119951953031,9.108904072921012,9.319913125736297,4,0.55,0.004,10,0.008,0.002,5.0,0.004
391,9.252858034490222,9.328119951953031,9.108904072921012,9.319913125736297,4,0.75,0.004,10,0.008,0.002,5.0,0.004
392,9.32283770911619,9.388361765910082,9.208161342201423,9.381843214621588,5,0.15,0.004,10,0.008,0.002,5.0,0.004
393,9.32283770911619,9.388361765910082,9.208161342201423,9.381843214621588,5,0.35,0.004,10,0.008,0.002,5.0,0.004
394,9.325138488995107,9.38899260390131,9.211075931332463,9.382408604935431,5,0.55,0.004,10,0.008,0.002,5.0,0.004
395,9.325754850028867,9.38899260390131,9.211075931332463,9.382408604935431,5,0.75,0.004,10,0.008,0.002,5.0,0.004
396,9.37381544520199,9.427714621722611,9.274669922337564,9.422156421061121,6,0.15,0.004,10,0.008,0.002,5.0,0.004
397,9.37381544520199,9.427714621722611,9.274669922337564,9.422156421061121,6,0.35,0.004,10,0.008,0.002,5.0,0.004
398,9.376273272631561,9.428245389169644,9.277131603878454,9.422630252958529,6,0.55,0.004,10,0.008,0.002,5.0,0.004
399,9.376273272631561,9.428245389169644,9.277131603878454,9.422630252958529,6,0.75,0.004,10,0.008,0.002,5.0,0.004
400,9.071425551338523,9.154728551844023,8.789454433887975,9.018694155590916,3,0.15,0.004,10,0.008,0.003,5.0,0.004
401,9.071425551338523,9.154728551844023,8.789454433887975,9.018694155590916,3,0.35,0.004,10,0.008,0.003,5.0,0.004
402,9.077085108876528,9.156087122247685,8.79352869607755,9.018619878143008,3,0.55,0.004,10,0.008,0.003,5.0,0.004
403,9.077085108876528,9.156087122247685,8.79352869607755,9.018619878143008,3,0.75,0.004,10,0.008,0.003,5.0,0.004
404,9.205827120222555,9.275200710383782,8.996813699477952,9.172046062876674,4,0.15,0.004,10,0.008,0.003,5.0,0.004
405,9.205827120222555,9.275200710383782,8.996813699477952,9.172046062876674,4,0.35,0.004,10,0.008,0.003,5.0,0.004
406,9.209952159405164,9.276223716871861,8.999725309760821,9.17198940234185,4,0.55,0.004,10,0.008,0.003,5.0,0.004
407,9.209952159405164,9.276223716871861,8.999725309760821,9.17198940234185,4,0.75,0.004,10,0.008,0.003,5.0,0.004
408,9.291278760920132,9.344019990632512,9.119631527448751,9.262498236881385,5,0.15,0.004,10,0.008,0.003,5.0,0.004
409,9.291278760920132,9.344019990632512,9.119631527448751,9.262498236881385,5,0.35,0.004,10,0.008,0.003,5.0,0.004
410,9.294630477467742,9.344396638242488,9.122102273322458,9.262452047328724,5,0.55,0.004,10,0.008,0.003,5.0,0.004
411,9.294630477467742,9.344396638242488,9.122102273322458,9.262452047328724,5,0.75,0.004,10,0.008,0.003,5.0,0.004
412,9.345511900481835,9.391804800590693,9.199332305427168,9.32089749016286,6,0.15,0.004,10,0.008,0.003,5.0,0.004
413,9.345511900481835,9.391804800590693,9.199332305427168,9.32089749016286,6,0.35,0.004,10,0.008,0.003,5.0,0.004
414,9.348369201205884,9.39249868470368,9.201410002597939,9.320858126169972,6,0.55,0.004,10,0.008,0.003,5.0,0.004
415,9.348369201205884,9.39249868470368,9.201410002597939,9.320858126169972,6,0.75,0.004,10,0.008,0.003,5.0,0.004
416,9.172328513970923,9.229009785146667,9.075855516858397,9.229009785146667,3,0.15,0.004,10,0.008,0.001,5.0,0.005
417,9.172328513970923,9.229009785146667,9.075855516858397,9.229009785146667,3,0.35,0.004,10,0.008,0.001,5.0,0.005
418,9.178074326410965,9.230042592751644,9.081552877752872,9.230042592751644,3,0.55,0.004,10,0.008,0.001,5.0,0.005
419,9.178074326410965,9.230042592751644,9.081552877752872,9.230042592751644,3,0.75,0.004,10,0.008,0.001,5.0,0.005
420,9.28846315632299,9.331771358193441,9.215878443188918,9.331771358193441,4,0.15,0.004,10,0.008,0.001,5.0,0.005
421,9.28846315632299,9.331771358193441,9.215878443188918,9.331771358193441,4,0.35,0.004,10,0.008,0.001,5.0,0.005
422,9.292513685429302,9.33250539798256,9.219820150221064,9.33250539798256,4,0.55,0.004,10,0.008,0.001,5.0,0.005
423,9.292513685429302,9.33250539798256,9.219820150221064,9.33250539798256,4,0.75,0.004,10,0.008,0.001,5.0,0.005
424,9.354731512494958,9.391981110609443,9.297884787055771,9.391981110609443,5,0.15,0.004,10,0.008,0.001,5.0,0.005
425,9.354731512494958,9.391981110609443,9.297884787055771,9.391981110609443,5,0.35,0.004,10,0.008,0.001,5.0,0.005
426,9.35810288497052,9.392598436758828,9.301235239706868,9.392598436758828,5,0.55,0.004,10,0.008,0.001,5.0,0.005
427,9.35810288497052,9.392598436758828,9.301235239706868,9.392598436758828,5,0.75,0.004,10,0.008,0.001,5.0,0.005
428,9.400798829340689,9.430746243167176,9.350899242057144,9.430746243167176,6,0.15,0.004,10,0.008,0.001,5.0,0.005
429,9.400798829340689,9.430746243167176,9.350899242057144,9.430746243167176,6,0.35,0.004,10,0.008,0.001,5.0,0.005
430,9.4036375847361,9.431263531333743,9.353745409703098,9.431263531333743,6,0.55,0.004,10,0.008,0.001,5.0,0.005
431,9.4036375847361,9.431263531333743,9.353745409703098,9.431263531333743,6,0.75,0.004,10,0.008,0.001,5.0,0.005
432,9.121636653266496,9.229009785146667,8.931194647745441,9.229009785146667,3,0.15,0.004,10,0.008,0.002,5.0,0.005
433,9.121636653266496,9.229009785146667,8.931194647745441,9.229009785146667,3,0.35,0.004,10,0.008,0.002,5.0,0.005
434,9.126598800082558,9.230042592751644,8.936071449383476,9.230042592751644,3,0.55,0.004,10,0.008,0.002,5.0,0.005
435,9.126598800082558,9.230042592751644,8.936071449383476,9.230042592751644,3,0.75,0.004,10,0.008,0.002,5.0,0.005
436,9.249304485538113,9.331771358193441,9.105465441469192,9.331771358193441,4,0.15,0.004,10,0.008,0.002,5.0,0.005
437,9.249304485538113,9.331771358193441,9.105465441469192,9.331771358193441,4,0.35,0.004,10,0.008,0.002,5.0,0.005
438,9.252858034490222,9.33250539798256,9.108904072921012,9.33250539798256,4,0.55,0.004,10,0.008,0.002,5.0,0.005
439,9.252858034490222,9.33250539798256,9.108904072921012,9.33250539798256,4,0.75,0.004,10,0.008,0.002,5.0,0.005
440,9.32283770911619,9.391981110609443,9.208161342201423,9.391981110609443,5,0.15,0.004,10,0.008,0.002,5.0,0.005
441,9.32283770911619,9.391981110609443,9.208161342201423,9.391981110609443,5,0.35,0.004,10,0.008,0.002,5.0,0.005
442,9.325754850028867,9.392598436758828,9.211075931332463,9.392598436758828,5,0.55,0.004,10,0.008,0.002,5.0,0.005
443,9.325754850028867,9.392598436758828,9.211075931332463,9.392598436758828,5,0.75,0.004,10,0.008,0.002,5.0,0.005
444,9.37381544520199,9.430746243167176,9.274669922337564,9.430746243167176,6,0.15,0.004,10,0.008,0.002,5.0,0.005
445,9.37381544520199,9.430746243167176,9.274669922337564,9.430746243167176,6,0.35,0.004,10,0.008,0.002,5.0,0.005
446,9.376273272631561,9.431263531333743,9.277131603878454,9.431263531333743,6,0.55,0.004,10,0.008,0.002,5.0,0.005
447,9.376273272631561,9.431263531333743,9.277131603878454,9.431263531333743,6,0.75,0.004,10,0.008,0.002,5.0,0.005
448,9.071425551338523,9.195499754616709,8.789454433887975,9.133524795582442,3,0.15,0.004,10,0.008,0.003,5.0,0.005
449,9.071425551338523,9.195499754616709,8.789454433887975,9.133524795582442,3,0.35,0.004,10,0.008,0.003,5.0,0.005
450,9.077085108876528,9.19668025023384,8.79352869607755,9.134054475122868,3,0.55,0.004,10,0.008,0.003,5.0,0.005
451,9.077085108876528,9.19668025023384,8.79352869607755,9.134054475122868,3,0.75,0.004,10,0.008,0.003,5.0,0.005
452,9.205827120222555,9.306266347309847,8.996813699477952,9.259409855659426,4,0.15,0.004,10,0.008,0.003,5.0,0.005
453,9.205827120222555,9.306266347309847,8.996813699477952,9.259409855659426,4,0.35,0.004,10,0.008,0.003,5.0,0.005
454,9.209952159405164,9.30690423569967,8.999725309760821,9.25978940594534,4,0.55,0.004,10,0.008,0.003,5.0,0.005
455,9.209952159405164,9.30690423569967,8.999725309760821,9.25978940594534,4,0.75,0.004,10,0.008,0.003,5.0,0.005
456,9.291278760920132,9.37123525783477,9.119631527448751,9.333403767963283,5,0.15,0.004,10,0.008,0.003,5.0,0.005
457,9.291278760920132,9.37123525783477,9.119631527448751,9.333403767963283,5,0.35,0.004,10,0.008,0.003,5.0,0.005
458,9.294630477467742,9.371743558727003,9.122102273322458,9.333721075939664,5,0.55,0.004,10,0.008,0.003,5.0,0.005
459,9.294630477467742,9.371743558727003,9.122102273322458,9.333721075939664,5,0.75,0.004,10,0.008,0.003,5.0,0.005
460,9.345511900481835,9.413232564204604,9.199332305427168,9.381098002663176,6,0.15,0.004,10,0.008,0.003,5.0,0.005
461,9.345511900481835,9.413232564204604,9.199332305427168,9.381098002663176,6,0.35,0.004,10,0.008,0.003,5.0,0.005
462,9.348369201205884,9.413667040874792,9.201410002597939,9.381364156371218,6,0.55,0.004,10,0.008,0.003,5.0,0.005
463,9.348369201205884,9.413667040874792,9.201410002597939,9.381364156371218,6,0.75,0.004,10,0.008,0.003,5.0,0.005
464,9.01970747921719,9.11066372911823,8.65056750812998,8.895431440971247,3,0.15,0.004,10,0.008,0.004,5.0,0.005
465,9.01970747921719,9.11066372911823,8.65056750812998,8.895431440971247,3,0.35,0.004,10,0.008,0.004,5.0,0.005
466,9.025070704170421,9.11221672988266,8.653856805661288,8.894709896179078,3,0.55,0.004,10,0.008,0.004,5.0,0.005
467,9.025070704170421,9.11221672988266,8.653856805661288,8.894709896179078,3,0.75,0.004,10,0.008,0.004,5.0,0.005
468,9.165864829056947,9.241626623736748,8.889893359490724,9.077967058173174,4,0.15,0.004,10,0.008,0.004,5.0,0.005
469,9.165864829056947,9.241626623736748,8.889893359490724,9.077967058173174,4,0.35,0.004,10,0.008,0.004,5.0,0.005
470,9.169907347940155,9.241887751255172,8.892252648428766,9.077420265202003,4,0.55,0.004,10,0.008,0.004,5.0,0.005
471,9.169907347940155,9.241887751255172,8.892252648428766,9.077420265202003,4,0.75,0.004,10,0.008,0.004,5.0,0.005
472,9.258802363897733,9.316688800751203,9.03229236671247,9.185998630285725,5,0.15,0.004,10,0.008,0.004,5.0,0.005
473,9.258802363897733,9.316688800751203,9.03229236671247,9.185998630285725,5,0.35,0.004,10,0.008,0.004,5.0,0.005
474,9.26198219014693,9.316965541776725,9.034296337679681,9.185556108272724,5,0.55,0.004,10,0.008,0.004,5.0,0.005
475,9.26198219014693,9.316965541776725,9.034296337679681,9.185556108272724,5,0.75,0.004,10,0.008,0.004,5.0,0.005
476,9.318019777444688,9.368712910059353,9.124881332017912,9.255890803026832,6,0.15,0.004,10,0.008,0.004,5.0,0.005
477,9.318019777444688,9.368712910059353,9.124881332017912,9.255890803026832,6,0.35,0.004,10,0.008,0.004,5.0,0.005
478,9.320755177594837,9.368939714813672,9.126568675735482,9.255516411209749,6,0.55,0.004,10,0.008,0.004,5.0,0.005
479,9.320755177594837,9.368939714813672,9.126568675735482,9.255516411209749,6,0.75,0.004,10,0.008,0.004,5.0,0.005
480,9.14969581834972,9.220379240865396,9.011184757986449,9.20418627311644,3,0.15,0.004,10,0.008,0.001,7.0,0.002
481,9.14969581834972,9.220379240865396,9.011184757986449,9.20418627311644,3,0.35,0.004,10,0.008,0.001,7.0,0.002
482,9.1550924334071,9.221367573837949,9.016515131891342,9.205088243330236,3,0.55,0.004,10,0.008,0.001,7.0,0.002
483,9.1550924334071,9.221282886315908,9.016515131891342,9.205088243330236,3,0.75,0.004,10,0.008,0.001,7.0,0.002
484,9.270959317124252,9.325129756154787,9.166566477560819,9.312970174290601,4,0.15,0.004,10,0.008,0.001,7.0,0.002
485,9.270959317124252,9.325129756154787,9.166566477560819,9.312970174290601,4,0.35,0.004,10,0.008,0.001,7.0,0.002
486,9.274804127282396,9.325902631741656,9.17028322732284,9.313612073145647,4,0.55,0.004,10,0.008,0.001,7.0,0.002
487,9.274804127282396,9.325902631741656,9.17028322732284,9.313612073145647,4,0.75,0.004,10,0.008,0.001,7.0,0.002
488,9.340452359163356,9.386576604793321,9.257829403937047,9.37676275754977,5,0.15,0.004,10,0.008,0.001,7.0,0.002
489,9.340452359163356,9.386576604793321,9.257829403937047,9.37676275754977,5,0.35,0.004,10,0.008,0.001,7.0,0.002
490,9.343625408931123,9.387212433668132,9.260985168967293,9.377302147672896,5,0.55,0.004,10,0.008,0.001,7.0,0.002
491,9.343625408931123,9.387212433668132,9.260985168967293,9.377302147672896,5,0.75,0.004,10,0.008,0.001,7.0,0.002
492,9.388714156811869,9.426171775809408,9.316872862397199,9.41784605089066,6,0.15,0.004,10,0.008,0.001,7.0,0.002
493,9.388714156811869,9.426171775809408,9.316872862397199,9.41784605089066,6,0.35,0.004,10,0.008,0.001,7.0,0.002
494,9.391390418935266,9.426709253896618,9.319547388903544,9.41829810134399,6,0.55,0.004,10,0.008,0.001,7.0,0.002
495,9.391390418935266,9.426709253896618,9.319547388903544,9.41829810134399,6,0.75,0.004,10,0.008,0.001,7.0,0.002
496,9.14969581834972,9.229009785146667,9.011184757986449,9.229009785146667,3,0.15,0.004,10,0.008,0.001,7.0,0.003
497,9.14969581834972,9.229009785146667,9.011184757986449,9.229009785146667,3,0.35,0.004,10,0.008,0.001,7.0,0.003
498,9.1550924334071,9.230042592751644,9.016515131891342,9.230042592751644,3,0.55,0.004,10,0.008,0.001,7.0,0.003
499,9.1550924334071,9.230042592751644,9.016515131891342,9.230042592751644,3,0.75,0.004,10,0.008,0.001,7.0,0.003
500,9.270959317124252,9.331771358193441,9.166566477560819,9.331771358193441,4,0.15,0.004,10,0.008,0.001,7.0,0.003
501,9.270959317124252,9.331771358193441,9.166566477560819,9.331771358193441,4,0.35,0.004,10,0.008,0.001,7.0,0.003
502,9.274804127282396,9.33250539798256,9.17028322732284,9.33250539798256,4,0.55,0.004,10,0.008,0.001,7.0,0.003
503,9.274804127282396,9.33250539798256,9.17028322732284,9.33250539798256,4,0.75,0.004,10,0.008,0.001,7.0,0.003
504,9.340452359163356,9.391981110609443,9.257829403937047,9.391981110609443,5,0.15,0.004,10,0.008,0.001,7.0,0.003
505,9.340452359163356,9.391981110609443,9.257829403937047,9.391981110609443,5,0.35,0.004,10,0.008,0.001,7.0,0.003
506,9.343625408931123,9.392598436758828,9.260985168967293,9.392598436758828,5,0.55,0.004,10,0.008,0.001,7.0,0.003
507,9.343625408931123,9.392598436758828,9.260985168967293,9.392598436758828,5,0.75,0.004,10,0.008,0.001,7.0,0.003
508,9.388714156811869,9.430746243167176,9.316872862397199,9.430746243167176,6,0.15,0.004,10,0.008,0.001,7.0,0.003
509,9.388714156811869,9.430746243167176,9.316872862397199,9.430746243167176,6,0.35,0.004,10,0.008,0.001,7.0,0.003
510,9.391390418935266,9.431263531333743,9.319547388903544,9.431263531333743,6,0.55,0.004,10,0.008,0.001,7.0,0.003
511,9.391390418935266,9.431263531333743,9.319547388903544,9.431263531333743,6,0.75,0.004,10,0.008,0.001,7.0,0.003
512,9.076809107868607,9.174905352805467,8.805013643923695,9.074120238770965,3,0.15,0.004,10,0.008,0.002,7.0,0.003
513,9.076809107868607,9.174905352805467,8.805013643923695,9.074120238770965,3,0.35,0.004,10,0.008,0.002,7.0,0.003
514,9.08108020575326,9.176179892647202,8.809176042132753,9.074337433096563,3,0.55,0.004,10,0.008,0.002,7.0,0.003
515,9.08108020575326,9.176179892647202,8.809176042132753,9.074337433096563,3,0.75,0.004,10,0.008,0.002,7.0,0.003
516,9.2099630699639,9.290146809397598,9.008702317333151,9.214221127488702,4,0.15,0.004,10,0.008,0.002,7.0,0.003
517,9.2099630699639,9.290146809397598,9.008702317333151,9.214221127488702,4,0.35,0.004,10,0.008,0.002,7.0,0.003
518,9.211992156199154,9.291100697754617,9.01167548649848,9.214379707070433,4,0.55,0.004,10,0.008,0.002,7.0,0.003
519,9.213083649291706,9.291100697754617,9.01167548649848,9.214379707070433,4,0.75,0.004,10,0.008,0.002,7.0,0.003
520,9.294569528574309,9.356203024951514,9.12928253740136,9.296726714266194,5,0.15,0.004,10,0.008,0.002,7.0,0.003
521,9.294569528574309,9.356203024951514,9.12928253740136,9.296726714266194,5,0.35,0.004,10,0.008,0.002,7.0,0.003
522,9.296186737427616,9.356634721906476,9.131805032509181,9.29685646172068,5,0.55,0.004,10,0.008,0.002,7.0,0.003
523,9.29707392509405,9.356634721906476,9.131805032509181,9.29685646172068,5,0.75,0.004,10,0.008,0.002,7.0,0.003
524,9.348293734773728,9.402075534445045,9.207514675059038,9.349948970066928,6,0.15,0.004,10,0.008,0.002,7.0,0.003
525,9.348293734773728,9.402075534445045,9.207514675059038,9.349948970066928,6,0.35,0.004,10,0.008,0.002,7.0,0.003
526,9.34970057852725,9.402721565347209,9.209635433300353,9.35005780669919,6,0.55,0.004,10,0.008,0.002,7.0,0.003
527,9.350429242931009,9.402721565347209,9.209635433300353,9.35005780669919,6,0.75,0.004,10,0.008,0.002,7.0,0.003
528,9.14969581834972,9.229009785146667,9.011184757986449,9.229009785146667,3,0.15,0.004,10,0.008,0.001,7.0,0.004
529,9.14969581834972,9.229009785146667,9.011184757986449,9.229009785146667,3,0.35,0.004,10,0.008,0.001,7.0,0.004
530,9.1550924334071,9.230042592751644,9.016515131891342,9.230042592751644,3,0.55,0.004,10,0.008,0.001,7.0,0.004
531,9.1550924334071,9.230042592751644,9.016515131891342,9.230042592751644,3,0.75,0.004,10,0.008,0.001,7.0,0.004
532,9.270959317124252,9.331771358193441,9.166566477560819,9.331771358193441,4,0.15,0.004,10,0.008,0.001,7.0,0.004
533,9.270959317124252,9.331771358193441,9.166566477560819,9.331771358193441,4,0.35,0.004,10,0.008,0.001,7.0,0.004
534,9.274804127282396,9.33250539798256,9.17028322732284,9.33250539798256,4,0.55,0.004,10,0.008,0.001,7.0,0.004
535,9.274804127282396,9.33250539798256,9.17028322732284,9.33250539798256,4,0.75,0.004,10,0.008,0.001,7.0,0.004
536,9.340452359163356,9.391981110609443,9.257829403937047,9.391981110609443,5,0.15,0.004,10,0.008,0.001,7.0,0.004
537,9.340452359163356,9.391981110609443,9.257829403937047,9.391981110609443,5,0.35,0.004,10,0.008,0.001,7.0,0.004
538,9.343625408931123,9.392598436758828,9.260985168967293,9.392598436758828,5,0.55,0.004,10,0.008,0.001,7.0,0.004
539,9.343625408931123,9.392598436758828,9.260985168967293,9.392598436758828,5,0.75,0.004,10,0.008,0.001,7.0,0.004
540,9.388714156811869,9.430746243167176,9.316872862397199,9.430746243167176,6,0.15,0.004,10,0.008,0.001,7.0,0.004
541,9.388714156811869,9.430746243167176,9.316872862397199,9.430746243167176,6,0.35,0.004,10,0.008,0.001,7.0,0.004
542,9.391390418935266,9.431263531333743,9.319547388903544,9.431263531333743,6,0.55,0.004,10,0.008,0.001,7.0,0.004
543,9.391390418935266,9.431263531333743,9.319547388903544,9.431263531333743,6,0.75,0.004,10,0.008,0.001,7.0,0.004
544,9.076809107868607,9.211635851962873,8.805013643923695,9.179459145444378,3,0.15,0.004,10,0.008,0.002,7.0,0.004
545,9.076809107868607,9.211635851962873,8.805013643923695,9.179459145444378,3,0.35,0.004,10,0.008,0.002,7.0,0.004
546,9.08108020575326,9.212744990551439,8.809176042132753,9.180230790422558,3,0.55,0.004,10,0.008,0.002,7.0,0.004
547,9.08108020575326,9.212744990551439,8.809176042132753,9.180230790422558,3,0.75,0.004,10,0.008,0.002,7.0,0.004
548,9.2099630699639,9.318543951288268,9.008702317333151,9.294242021493806,4,0.15,0.004,10,0.008,0.002,7.0,0.004
549,9.2099630699639,9.318543951288268,9.008702317333151,9.294242021493806,4,0.35,0.004,10,0.008,0.002,7.0,0.004
550,9.211992156199154,9.319354758868188,9.01167548649848,9.294792148512684,4,0.55,0.004,10,0.008,0.002,7.0,0.004
551,9.213083649291706,9.319354758868188,9.01167548649848,9.294792148512684,4,0.75,0.004,10,0.008,0.002,7.0,0.004
552,9.294569528574309,9.381127234949002,9.12928253740136,9.361608513882913,5,0.15,0.004,10,0.008,0.002,7.0,0.004
553,9.294569528574309,9.381127234949002,9.12928253740136,9.361608513882913,5,0.35,0.004,10,0.008,0.002,7.0,0.004
554,9.29707392509405,9.381783546508345,9.131805032509181,9.362070268010077,5,0.55,0.004,10,0.008,0.002,7.0,0.004
555,9.29707392509405,9.381783546508345,9.131805032509181,9.362070268010077,5,0.75,0.004,10,0.008,0.002,7.0,0.004
556,9.348293734773728,9.421654961807109,9.207514675059038,9.4050060942262,6,0.15,0.004,10,0.008,0.002,7.0,0.004
557,9.348293734773728,9.421654961807109,9.207514675059038,9.4050060942262,6,0.35,0.004,10,0.008,0.002,7.0,0.004
558,9.350429242931009,9.42221320018133,9.209635433300353,9.405393179598509,6,0.55,0.004,10,0.008,0.002,7.0,0.004
559,9.34970057852725,9.42221320018133,9.209635433300353,9.405393179598509,6,0.75,0.004,10,0.008,0.002,7.0,0.004
560,9.004832926746422,9.116077271627944,8.604789103131493,8.9108341679903,3,0.15,0.004,10,0.008,0.003,7.0,0.004
561,9.004832926746422,9.116077271627944,8.604789103131493,8.9108341679903,3,0.35,0.004,10,0.008,0.003,7.0,0.004
562,9.010108749276366,9.117604739828332,8.607820222992832,8.910193569640905,3,0.55,0.004,10,0.008,0.003,7.0,0.004
563,9.010108749276366,9.117604739828332,8.607820222992832,8.910193569640905,3,0.75,0.004,10,0.008,0.003,7.0,0.004
564,9.154289577222467,9.245706000111104,8.854413282340577,9.089698801045323,4,0.15,0.004,10,0.008,0.003,7.0,0.004
565,9.154289577222467,9.245706000111104,8.854413282340577,9.089698801045323,4,0.35,0.004,10,0.008,0.003,7.0,0.004
566,9.158157939327529,9.246850044684578,8.856589717724923,9.089213233525003,4,0.55,0.004,10,0.008,0.003,7.0,0.004
567,9.158157939327529,9.246850044684578,8.856589717724923,9.089213233525003,4,0.75,0.004,10,0.008,0.003,7.0,0.004
568,9.2491799065286,9.319972945633396,9.003157509608425,9.195512088895423,5,0.15,0.004,10,0.008,0.003,7.0,0.004
569,9.2491799065286,9.319972945633396,9.003157509608425,9.195512088895423,5,0.35,0.004,10,0.008,0.003,7.0,0.004
570,9.252331296144428,9.320252184802623,9.005006194274053,9.195118979601745,5,0.55,0.004,10,0.008,0.003,7.0,0.004
571,9.252331296144428,9.320252184802623,9.005006194274053,9.195118979601745,5,0.75,0.004,10,0.008,0.003,7.0,0.004
572,9.309776258132253,9.371461439193558,9.0999370757735,9.263951276884063,6,0.15,0.004,10,0.008,0.003,7.0,0.004
573,9.309776258132253,9.371461439193558,9.0999370757735,9.263951276884063,6,0.35,0.004,10,0.008,0.003,7.0,0.004
574,9.312463334638297,9.372253573423551,9.101494020162454,9.263618561253887,6,0.55,0.004,10,0.008,0.003,7.0,0.004
575,9.312463334638297,9.372253573423551,9.101494020162454,9.263618561253887,6,0.75,0.004,10,0.008,0.003,7.0,0.004
576,9.14969581834972,9.229009785146667,9.011184757986449,9.229009785146667,3,0.15,0.004,10,0.008,0.001,7.0,0.005
577,9.14969581834972,9.229009785146667,9.011184757986449,9.229009785146667,3,0.35,0.004,10,0.008,0.001,7.0,0.005
578,9.1550924334071,9.230042592751644,9.016515131891342,9.230042592751644,3,0.55,0.004,10,0.008,0.001,7.0,0.005
579,9.1550924334071,9.230042592751644,9.016515131891342,9.230042592751644,3,0.75,0.004,10,0.008,0.001,7.0,0.005
580,9.270959317124252,9.331771358193441,9.166566477560819,9.331771358193441,4,0.15,0.004,10,0.008,0.001,7.0,0.005
581,9.270959317124252,9.331771358193441,9.166566477560819,9.331771358193441,4,0.35,0.004,10,0.008,0.001,7.0,0.005
582,9.274804127282396,9.33250539798256,9.17028322732284,9.33250539798256,4,0.55,0.004,10,0.008,0.001,7.0,0.005
583,9.274804127282396,9.33250539798256,9.17028322732284,9.33250539798256,4,0.75,0.004,10,0.008,0.001,7.0,0.005
584,9.340452359163356,9.391981110609443,9.257829403937047,9.391981110609443,5,0.15,0.004,10,0.008,0.001,7.0,0.005
585,9.340452359163356,9.391981110609443,9.257829403937047,9.391981110609443,5,0.35,0.004,10,0.008,0.001,7.0,0.005
586,9.343625408931123,9.392598436758828,9.260985168967293,9.392598436758828,5,0.55,0.004,10,0.008,0.001,7.0,0.005
587,9.343625408931123,9.392598436758828,9.260985168967293,9.392598436758828,5,0.75,0.004,10,0.008,0.001,7.0,0.005
588,9.388714156811869,9.430746243167176,9.316872862397199,9.430746243167176,6,0.15,0.004,10,0.008,0.001,7.0,0.005
589,9.388714156811869,9.430746243167176,9.316872862397199,9.430746243167176,6,0.35,0.004,10,0.008,0.001,7.0,0.005
590,9.391390418935266,9.431263531333743,9.319547388903544,9.431263531333743,6,0.55,0.004,10,0.008,0.001,7.0,0.005
591,9.391390418935266,9.431263531333743,9.319547388903544,9.431263531333743,6,0.75,0.004,10,0.008,0.001,7.0,0.005
592,9.076809107868607,9.229009785146667,8.805013643923695,9.229009785146667,3,0.15,0.004,10,0.008,0.002,7.0,0.005
593,9.076809107868607,9.229009785146667,8.805013643923695,9.229009785146667,3,0.35,0.004,10,0.008,0.002,7.0,0.005
594,9.08108020575326,9.230042592751644,8.809176042132753,9.230042592751644,3,0.55,0.004,10,0.008,0.002,7.0,0.005
595,9.08108020575326,9.230042592751644,8.809176042132753,9.230042592751644,3,0.75,0.004,10,0.008,0.002,7.0,0.005
596,9.2099630699639,9.331771358193441,9.008702317333151,9.331771358193441,4,0.15,0.004,10,0.008,0.002,7.0,0.005
597,9.2099630699639,9.331771358193441,9.008702317333151,9.331771358193441,4,0.35,0.004,10,0.008,0.002,7.0,0.005
598,9.213083649291706,9.33250539798256,9.01167548649848,9.33250539798256,4,0.55,0.004,10,0.008,0.002,7.0,0.005
599,9.213083649291706,9.33250539798256,9.01167548649848,9.33250539798256,4,0.75,0.004,10,0.008,0.002,7.0,0.005
600,9.294569528574309,9.391981110609443,9.12928253740136,9.391981110609443,5,0.15,0.004,10,0.008,0.002,7.0,0.005
601,9.294569528574309,9.391981110609443,9.12928253740136,9.391981110609443,5,0.35,0.004,10,0.008,0.002,7.0,0.005
602,9.29707392509405,9.392598436758828,9.131805032509181,9.392598436758828,5,0.55,0.004,10,0.008,0.002,7.0,0.005
603,9.29707392509405,9.392598436758828,9.131805032509181,9.392598436758828,5,0.75,0.004,10,0.008,0.002,7.0,0.005
604,9.348293734773728,9.430746243167176,9.207514675059038,9.430746243167176,6,0.15,0.004,10,0.008,0.002,7.0,0.005
605,9.348293734773728,9.430746243167176,9.207514675059038,9.430746243167176,6,0.35,0.004,10,0.008,0.002,7.0,0.005
606,9.350429242931009,9.431263531333743,9.209635433300353,9.431263531333743,6,0.55,0.004,10,0.008,0.002,7.0,0.005
607,9.350429242931009,9.431263531333743,9.209635433300353,9.431263531333743,6,0.75,0.004,10,0.008,0.002,7.0,0.005
608,9.004832926746422,9.17063726494749,8.604789103131493,9.063209135624996,3,0.15,0.004,10,0.008,0.003,7.0,0.005
609,9.004832926746422,9.17063726494749,8.604789103131493,9.063209135624996,3,0.35,0.004,10,0.008,0.003,7.0,0.005
610,9.010108749276366,9.17192713619683,8.607820222992832,9.063368794954513,3,0.55,0.004,10,0.008,0.003,7.0,0.005
611,9.010108749276366,9.17192713619683,8.607820222992832,9.063368794954513,3,0.75,0.004,10,0.008,0.003,7.0,0.005
612,9.154289577222467,9.287348652754252,8.854413282340577,9.205970026582955,4,0.15,0.004,10,0.008,0.003,7.0,0.005
613,9.154289577222467,9.287348652754252,8.854413282340577,9.205970026582955,4,0.35,0.004,10,0.008,0.003,7.0,0.005
614,9.158157939327529,9.287886573875754,8.856589717724923,9.206087904496197,4,0.55,0.004,10,0.008,0.003,7.0,0.005
615,9.158157939327529,9.287886573875754,8.856589717724923,9.206087904496197,4,0.75,0.004,10,0.008,0.003,7.0,0.005
616,9.2491799065286,9.353958100622686,9.003157509608425,9.290071037285905,5,0.15,0.004,10,0.008,0.003,7.0,0.005
617,9.2491799065286,9.353958100622686,9.003157509608425,9.290071037285905,5,0.35,0.004,10,0.008,0.003,7.0,0.005
618,9.252331296144428,9.354401729366609,9.005006194274053,9.290166586542771,5,0.55,0.004,10,0.008,0.003,7.0,0.005
619,9.252331296144428,9.354401729366609,9.005006194274053,9.290166586542771,5,0.75,0.004,10,0.008,0.003,7.0,0.005
620,9.309776258132253,9.40021381162996,9.0999370757735,9.344330863154216,6,0.15,0.004,10,0.008,0.003,7.0,0.005
621,9.309776258132253,9.40021381162996,9.0999370757735,9.344330863154216,6,0.35,0.004,10,0.008,0.003,7.0,0.005
622,9.312463334638297,9.40058681062438,9.101494020162454,9.34441116654041,6,0.55,0.004,10,0.008,0.003,7.0,0.005
623,9.312463334638297,9.40058681062438,9.101494020162454,9.34441116654041,6,0.75,0.004,10,0.008,0.003,7.0,0.005
624,8.930912506796624,9.052526716685344,8.410314913730264,8.73524848097456,3,0.15,0.004,10,0.008,0.004,7.0,0.005
625,8.930912506796624,9.052526716685344,8.410314913730264,8.73524848097456,3,0.35,0.004,10,0.008,0.004,7.0,0.005
626,8.935766552504639,9.054333825774972,8.412250154926914,8.73368787769646,3,0.55,0.004,10,0.008,0.004,7.0,0.005
627,8.935766552504639,9.054333825774972,8.412250154926914,8.73368787769646,3,0.75,0.004,10,0.008,0.004,7.0,0.005
628,9.097196608955118,9.192531449076682,8.703536142940564,8.955049820924208,4,0.15,0.004,10,0.008,0.004,7.0,0.005
629,9.097196608955118,9.192531449076682,8.703536142940564,8.955049820924208,4,0.35,0.004,10,0.008,0.004,7.0,0.005
630,9.10080654641557,9.192589783275176,8.704936113426621,8.953863935292212,4,0.55,0.004,10,0.008,0.004,7.0,0.005
631,9.10080654641557,9.192589783275176,8.704936113426621,8.953863935292212,4,0.75,0.004,10,0.008,0.004,7.0,0.005
632,9.198799089411096,9.280478725820808,8.879349731141616,9.085719570132417,5,0.15,0.004,10,0.008,0.004,7.0,0.005
633,9.198799089411096,9.280478725820808,8.879349731141616,9.085719570132417,5,0.35,0.004,10,0.008,0.004,7.0,0.005
634,9.20166616740163,9.280587587629109,8.880538061564799,9.08475841703824,5,0.55,0.004,10,0.008,0.004,7.0,0.005
635,9.20166616740163,9.280587587629109,8.880538061564799,9.08475841703824,5,0.75,0.004,10,0.008,0.004,7.0,0.005
636,9.270341060180462,9.336446677789038,8.99408728724008,9.170486698067723,6,0.15,0.004,10,0.008,0.004,7.0,0.005
637,9.270341060180462,9.336446677789038,8.99408728724008,9.170486698067723,6,0.35,0.004,10,0.008,0.004,7.0,0.005
638,9.272828074808992,9.336552900071808,8.995090209097532,9.169672842535057,6,0.55,0.004,10,0.008,0.004,7.0,0.005
639,9.272828074808992,9.336552900071808,8.995090209097532,9.169672842535057,6,0.75,0.004,10,0.008,0.004,7.0,0.005
640,9.127132277931256,9.214631061048117,8.947091160875798,9.18768374856226,3,0.15,0.004,10,0.008,0.001,9.0,0.002
641,9.127132277931256,9.214631061048117,8.947091160875798,9.18768374856226,3,0.35,0.004,10,0.008,0.001,9.0,0.002
642,9.1321810258927,9.215589778678712,8.95205813262566,9.188498767022535,3,0.55,0.004,10,0.008,0.001,9.0,0.002
643,9.1321810258927,9.215448706986118,8.95205813262566,9.188498767022535,3,0.75,0.004,10,0.008,0.001,9.0,0.002
644,9.253507964041477,9.320705241398723,9.117584571885251,9.300462414323198,4,0.15,0.004,10,0.008,0.001,9.0,0.002
645,9.253507964041477,9.320705241398723,9.117584571885251,9.300462414323198,4,0.35,0.004,10,0.008,0.001,9.0,0.002
646,9.257124972591127,9.321503172300488,9.12107826714633,9.301043037799534,4,0.55,0.004,10,0.008,0.001,9.0,0.002
647,9.257124972591127,9.321503172300488,9.12107826714633,9.301043037799534,4,0.75,0.004,10,0.008,0.001,9.0,0.002
648,9.32622929306611,9.382974508277139,9.217989815182637,9.366634341264994,5,0.15,0.004,10,0.008,0.001,9.0,0.002
649,9.32622929306611,9.382974508277139,9.217989815182637,9.366634341264994,5,0.35,0.004,10,0.008,0.001,9.0,0.002
650,9.329198830293189,9.38362379000668,9.220952120620863,9.367121872296284,5,0.55,0.004,10,0.008,0.001,9.0,0.002
651,9.329198830293189,9.38362379000668,9.220952120620863,9.367121872296284,5,0.75,0.004,10,0.008,0.001,9.0,0.002
652,9.37666163015429,9.423123640028525,9.283001061916442,9.4092581691563,6,0.15,0.004,10,0.008,0.001,9.0,0.002
653,9.37666163015429,9.423123640028525,9.283001061916442,9.4092581691563,6,0.35,0.004,10,0.008,0.001,9.0,0.002
654,9.37916270215878,9.423674746759167,9.285504807391769,9.40966679711588,6,0.55,0.004,10,0.008,0.001,9.0,0.002
655,9.37916270215878,9.423674746759167,9.285504807391769,9.40966679711588,6,0.75,0.004,10,0.008,0.001,9.0,0.002
656,9.127132277931256,9.229009785146667,8.947091160875798,9.229009785146667,3,0.15,0.004,10,0.008,0.001,9.0,0.003
657,9.127132277931256,9.229009785146667,8.947091160875798,9.229009785146667,3,0.35,0.004,10,0.008,0.001,9.0,0.003
658,9.1321810258927,9.230042592751644,8.95205813262566,9.230042592751644,3,0.55,0.004,10,0.008,0.001,9.0,0.003
659,9.1321810258927,9.230042592751644,8.95205813262566,9.230042592751644,3,0.75,0.004,10,0.008,0.001,9.0,0.003
660,9.253507964041477,9.331771358193441,9.117584571885251,9.331771358193441,4,0.15,0.004,10,0.008,0.001,9.0,0.003
661,9.253507964041477,9.331771358193441,9.117584571885251,9.331771358193441,4,0.35,0.004,10,0.008,0.001,9.0,0.003
662,9.257124972591127,9.33250539798256,9.12107826714633,9.33250539798256,4,0.55,0.004,10,0.008,0.001,9.0,0.003
663,9.257124972591127,9.33250539798256,9.12107826714633,9.33250539798256,4,0.75,0.004,10,0.008,0.001,9.0,0.003
664,9.32622929306611,9.391981110609443,9.217989815182637,9.391981110609443,5,0.15,0.004,10,0.008,0.001,9.0,0.003
665,9.32622929306611,9.391981110609443,9.217989815182637,9.391981110609443,5,0.35,0.004,10,0.008,0.001,9.0,0.003
666,9.329198830293189,9.392598436758828,9.220952120620863,9.392598436758828,5,0.55,0.004,10,0.008,0.001,9.0,0.003
667,9.329198830293189,9.392598436758828,9.220952120620863,9.392598436758828,5,0.75,0.004,10,0.008,0.001,9.0,0.003
668,9.37666163015429,9.430746243167176,9.283001061916442,9.430746243167176,6,0.15,0.004,10,0.008,0.001,9.0,0.003
669,9.37666163015429,9.430746243167176,9.283001061916442,9.430746243167176,6,0.35,0.004,10,0.008,0.001,9.0,0.003
670,9.37916270215878,9.431263531333743,9.285504807391769,9.431263531333743,6,0.55,0.004,10,0.008,0.001,9.0,0.003
671,9.37916270215878,9.431263531333743,9.285504807391769,9.431263531333743,6,0.75,0.004,10,0.008,0.001,9.0,0.003
672,9.032254398186796,9.154637829191662,8.681064835130528,9.01665461241802,3,0.15,0.004,10,0.008,0.002,9.0,0.003
673,9.032254398186796,9.154637829191662,8.681064835130528,9.01665461241802,3,0.35,0.004,10,0.008,0.002,9.0,0.003
674,9.03583969206452,9.156002677945816,8.684526660158424,9.016569716246423,3,0.55,0.004,10,0.008,0.002,9.0,0.003
675,9.03583969206452,9.156002677945816,8.684526660158424,9.016569716246423,3,0.75,0.004,10,0.008,0.002,9.0,0.003
676,9.17542438911743,9.27454578452138,8.913261026260686,9.17045784531334,4,0.15,0.004,10,0.008,0.002,9.0,0.003
677,9.17542438911743,9.27454578452138,8.913261026260686,9.17045784531334,4,0.35,0.004,10,0.008,0.002,9.0,0.003
678,9.178006216557431,9.275570495674451,8.91574108471185,9.170393013671795,4,0.55,0.004,10,0.008,0.002,9.0,0.003
679,9.178006216557431,9.275570495674451,8.91574108471185,9.170393013671795,4,0.75,0.004,10,0.008,0.002,9.0,0.003
680,9.26639761968675,9.343459546993447,9.05127831501006,9.26118094729897,5,0.15,0.004,10,0.008,0.002,9.0,0.003
681,9.26639761968675,9.343459546993447,9.05127831501006,9.26118094729897,5,0.35,0.004,10,0.008,0.002,9.0,0.003
682,9.268496108548668,9.343834116347253,9.053384076335602,9.261128042141666,5,0.55,0.004,10,0.008,0.002,9.0,0.003
683,9.268496108548668,9.343834116347253,9.053384076335602,9.261128042141666,5,0.75,0.004,10,0.008,0.002,9.0,0.003
684,9.3243190399131,9.3913089788833,9.140977672154817,9.319756960396505,6,0.15,0.004,10,0.008,0.002,9.0,0.003
685,9.3243190399131,9.3913089788833,9.140977672154817,9.319756960396505,6,0.35,0.004,10,0.008,0.002,9.0,0.003
686,9.326130537395745,9.392003943356508,9.142749747702062,9.319711829856285,6,0.55,0.004,10,0.008,0.002,9.0,0.003
687,9.326130537395745,9.392003943356508,9.142749747702062,9.319711829856285,6,0.75,0.004,10,0.008,0.002,9.0,0.003
688,9.127132277931256,9.229009785146667,8.947091160875798,9.229009785146667,3,0.15,0.004,10,0.008,0.001,9.0,0.004
689,9.127132277931256,9.229009785146667,8.947091160875798,9.229009785146667,3,0.35,0.004,10,0.008,0.001,9.0,0.004
690,9.1321810258927,9.230042592751644,8.95205813262566,9.230042592751644,3,0.55,0.004,10,0.008,0.001,9.0,0.004
691,9.1321810258927,9.230042592751644,8.95205813262566,9.230042592751644,3,0.75,0.004,10,0.008,0.001,9.0,0.004
692,9.253507964041477,9.331771358193441,9.117584571885251,9.331771358193441,4,0.15,0.004,10,0.008,0.001,9.0,0.004
693,9.253507964041477,9.331771358193441,9.117584571885251,9.331771358193441,4,0.35,0.004,10,0.008,0.001,9.0,0.004
694,9.257124972591127,9.33250539798256,9.12107826714633,9.33250539798256,4,0.55,0.004,10,0.008,0.001,9.0,0.004
695,9.257124972591127,9.33250539798256,9.12107826714633,9.33250539798256,4,0.75,0.004,10,0.008,0.001,9.0,0.004
696,9.32622929306611,9.391981110609443,9.217989815182637,9.391981110609443,5,0.15,0.004,10,0.008,0.001,9.0,0.004
697,9.32622929306611,9.391981110609443,9.217989815182637,9.391981110609443,5,0.35,0.004,10,0.008,0.001,9.0,0.004
698,9.329198830293189,9.392598436758828,9.220952120620863,9.392598436758828,5,0.55,0.004,10,0.008,0.001,9.0,0.004
699,9.329198830293189,9.392598436758828,9.220952120620863,9.392598436758828,5,0.75,0.004,10,0.008,0.001,9.0,0.004
700,9.37666163015429,9.430746243167176,9.283001061916442,9.430746243167176,6,0.15,0.004,10,0.008,0.001,9.0,0.004
701,9.37666163015429,9.430746243167176,9.283001061916442,9.430746243167176,6,0.35,0.004,10,0.008,0.001,9.0,0.004
702,9.37916270215878,9.431263531333743,9.285504807391769,9.431263531333743,6,0.55,0.004,10,0.008,0.001,9.0,0.004
703,9.37916270215878,9.431263531333743,9.285504807391769,9.431263531333743,6,0.75,0.004,10,0.008,0.001,9.0,0.004
704,9.032254398186796,9.200075453233318,8.681064835130528,9.146610623125456,3,0.15,0.004,10,0.008,0.002,9.0,0.004
705,9.032254398186796,9.200075453233318,8.681064835130528,9.146610623125456,3,0.35,0.004,10,0.008,0.002,9.0,0.004
706,9.03583969206452,9.201235335283718,8.684526660158424,9.14720924820433,3,0.55,0.004,10,0.008,0.002,9.0,0.004
707,9.033952552930769,9.201235335283718,8.684526660158424,9.14720924820433,3,0.75,0.004,10,0.008,0.002,9.0,0.004
708,9.17542438911743,9.309734410564209,8.913261026260686,9.269327529622224,4,0.15,0.004,10,0.008,0.002,9.0,0.004
709,9.17542438911743,9.309734410564209,8.913261026260686,9.269327529622224,4,0.35,0.004,10,0.008,0.002,9.0,0.004
710,9.178006216557431,9.310599536755989,8.91574108471185,9.269755653675151,4,0.55,0.004,10,0.008,0.002,9.0,0.004
711,9.178006216557431,9.310599536755989,8.91574108471185,9.269755653675151,4,0.75,0.004,10,0.008,0.002,9.0,0.004
712,9.26639761968675,9.373891432061129,9.05127831501006,9.341428459249046,5,0.15,0.004,10,0.008,0.002,9.0,0.004
713,9.26639761968675,9.373891432061129,9.05127831501006,9.341428459249046,5,0.35,0.004,10,0.008,0.002,9.0,0.004
714,9.267349995365448,9.374579264809576,9.053384076335602,9.341786890281417,5,0.55,0.004,10,0.008,0.002,9.0,0.004
715,9.268496108548668,9.374579264809576,9.053384076335602,9.341786890281417,5,0.75,0.004,10,0.008,0.002,9.0,0.004
716,9.3243190399131,9.415600075581192,9.140977672154817,9.387894771797527,6,0.15,0.004,10,0.008,0.002,9.0,0.004
717,9.3243190399131,9.415600075581192,9.140977672154817,9.387894771797527,6,0.35,0.004,10,0.008,0.002,9.0,0.004
718,9.325178553883138,9.416185752578007,9.142749747702062,9.388195331468822,6,0.55,0.004,10,0.008,0.002,9.0,0.004
719,9.326130537395745,9.416185752578007,9.142749747702062,9.388195331468822,6,0.75,0.004,10,0.008,0.002,9.0,0.004
720,8.938845810286248,9.077625496674685,8.424980645331818,8.804589722475772,3,0.15,0.004,10,0.008,0.003,9.0,0.004
721,8.938845810286248,9.077625496674685,8.424980645331818,8.804589722475772,3,0.35,0.004,10,0.008,0.003,9.0,0.004
722,8.943741514690412,9.079320573422834,8.426998640984937,8.803392260663454,3,0.55,0.004,10,0.008,0.003,9.0,0.004
723,8.943741514690412,9.079320573422834,8.426998640984937,8.803392260663454,3,0.75,0.004,10,0.008,0.003,9.0,0.004
724,9.103166456054913,9.211692804870994,8.714834345627693,9.008277940549062,4,0.15,0.004,10,0.008,0.003,9.0,0.004
725,9.103166456054913,9.211692804870994,8.714834345627693,9.008277940549062,4,0.35,0.004,10,0.008,0.003,9.0,0.004
726,9.106795171746146,9.21289878821668,8.716292489105587,9.007368860781579,4,0.55,0.004,10,0.008,0.003,9.0,0.004
727,9.106795171746146,9.21289878821668,8.716292489105587,9.007368860781579,4,0.75,0.004,10,0.008,0.003,9.0,0.004
728,9.20361795146073,9.296017319664948,8.88854502832853,9.12913244409489,5,0.15,0.004,10,0.008,0.003,9.0,0.004
729,9.20361795146073,9.296017319664948,8.88854502832853,9.12913244409489,5,0.35,0.004,10,0.008,0.003,9.0,0.004
730,9.206501270312538,9.296184866978747,8.889782644898117,9.12839593241791,5,0.55,0.004,10,0.008,0.003,9.0,0.004
731,9.206501270312538,9.296184866978747,8.889782644898117,9.12839593241791,5,0.75,0.004,10,0.008,0.003,9.0,0.004
732,9.274258193267599,9.349566115963716,9.001882828897246,9.207439719757982,6,0.15,0.004,10,0.008,0.003,9.0,0.004
733,9.274258193267599,9.349566115963716,9.001882828897246,9.207439719757982,6,0.35,0.004,10,0.008,0.003,9.0,0.004
734,9.27677258314246,9.350497992356944,9.002926807405457,9.206816161374128,6,0.55,0.004,10,0.008,0.003,9.0,0.004
735,9.27677258314246,9.350497992356944,9.002926807405457,9.206816161374128,6,0.75,0.004,10,0.008,0.003,9.0,0.004
736,9.127132277931256,9.229009785146667,8.947091160875798,9.229009785146667,3,0.15,0.004,10,0.008,0.001,9.0,0.005
737,9.127132277931256,9.229009785146667,8.947091160875798,9.229009785146667,3,0.35,0.004,10,0.008,0.001,9.0,0.005
738,9.1321810258927,9.230042592751644,8.95205813262566,9.230042592751644,3,0.55,0.004,10,0.008,0.001,9.0,0.005
739,9.1321810258927,9.230042592751644,8.95205813262566,9.230042592751644,3,0.75,0.004,10,0.008,0.001,9.0,0.005
740,9.253507964041477,9.331771358193441,9.117584571885251,9.331771358193441,4,0.15,0.004,10,0.008,0.001,9.0,0.005
741,9.253507964041477,9.331771358193441,9.117584571885251,9.331771358193441,4,0.35,0.004,10,0.008,0.001,9.0,0.005
742,9.257124972591127,9.33250539798256,9.12107826714633,9.33250539798256,4,0.55,0.004,10,0.008,0.001,9.0,0.005
743,9.257124972591127,9.33250539798256,9.12107826714633,9.33250539798256,4,0.75,0.004,10,0.008,0.001,9.0,0.005
744,9.32622929306611,9.391981110609443,9.217989815182637,9.391981110609443,5,0.15,0.004,10,0.008,0.001,9.0,0.005
745,9.32622929306611,9.391981110609443,9.217989815182637,9.391981110609443,5,0.35,0.004,10,0.008,0.001,9.0,0.005
746,9.329198830293189,9.392598436758828,9.220952120620863,9.392598436758828,5,0.55,0.004,10,0.008,0.001,9.0,0.005
747,9.329198830293189,9.392598436758828,9.220952120620863,9.392598436758828,5,0.75,0.004,10,0.008,0.001,9.0,0.005
748,9.37666163015429,9.430746243167176,9.283001061916442,9.430746243167176,6,0.15,0.004,10,0.008,0.001,9.0,0.005
749,9.37666163015429,9.430746243167176,9.283001061916442,9.430746243167176,6,0.35,0.004,10,0.008,0.001,9.0,0.005
750,9.37916270215878,9.431263531333743,9.285504807391769,9.431263531333743,6,0.55,0.004,10,0.008,0.001,9.0,0.005
751,9.37916270215878,9.431263531333743,9.285504807391769,9.431263531333743,6,0.75,0.004,10,0.008,0.001,9.0,0.005
752,9.032254398186796,9.224610319421082,8.681064835130528,9.216426927441006,3,0.15,0.004,10,0.008,0.002,9.0,0.005
753,9.032254398186796,9.224610319421082,8.681064835130528,9.216426927441006,3,0.35,0.004,10,0.008,0.002,9.0,0.005
754,9.03583969206452,9.225662534305547,8.684526660158424,9.217393390423542,3,0.55,0.004,10,0.008,0.002,9.0,0.005
755,9.03583969206452,9.225662534305547,8.684526660158424,9.217393390423542,3,0.75,0.004,10,0.008,0.002,9.0,0.005
756,9.17542438911743,9.328424584691872,8.913261026260686,9.322249245578154,4,0.15,0.004,10,0.008,0.002,9.0,0.005
757,9.17542438911743,9.328424584691872,8.913261026260686,9.322249245578154,4,0.35,0.004,10,0.008,0.002,9.0,0.005
758,9.178006216557431,9.329146556869992,8.91574108471185,9.32293660290503,4,0.55,0.004,10,0.008,0.002,9.0,0.005
759,9.178006216557431,9.329146556869992,8.91574108471185,9.32293660290503,4,0.75,0.004,10,0.008,0.002,9.0,0.005
760,9.26639761968675,9.389237076525248,9.05127831501006,9.384279284782346,5,0.15,0.004,10,0.008,0.002,9.0,0.005
761,9.26639761968675,9.389237076525248,9.05127831501006,9.384279284782346,5,0.35,0.004,10,0.008,0.002,9.0,0.005
762,9.268496108548668,9.38986498944101,9.053384076335602,9.384857148197119,5,0.55,0.004,10,0.008,0.002,9.0,0.005
763,9.268496108548668,9.38986498944101,9.053384076335602,9.384857148197119,5,0.75,0.004,10,0.008,0.002,9.0,0.005
764,9.3243190399131,9.428449073226576,9.140977672154817,9.424221939996485,6,0.15,0.004,10,0.008,0.002,9.0,0.005
765,9.3243190399131,9.428449073226576,9.140977672154817,9.424221939996485,6,0.35,0.004,10,0.008,0.002,9.0,0.005
766,9.326130537395745,9.428955477268106,9.142749747702062,9.42470621514495,6,0.55,0.004,10,0.008,0.002,9.0,0.005
767,9.326130537395745,9.428955477268106,9.142749747702062,9.42470621514495,6,0.75,0.004,10,0.008,0.002,9.0,0.005
768,8.938845810286248,9.145856988532751,8.424980645331818,8.99357154983668,3,0.15,0.004,10,0.008,0.003,9.0,0.005
769,8.938845810286248,9.145856988532751,8.424980645331818,8.99357154983668,3,0.35,0.004,10,0.008,0.003,9.0,0.005
770,8.943741514690412,9.147255703082601,8.426998640984937,8.993365167331119,3,0.55,0.004,10,0.008,0.003,9.0,0.005
771,8.943741514690412,9.147255703082601,8.426998640984937,8.993365167331119,3,0.75,0.004,10,0.008,0.003,9.0,0.005
772,9.103166456054913,9.26847375071464,8.714834345627693,9.15293134010634,4,0.15,0.004,10,0.008,0.003,9.0,0.005
773,9.103166456054913,9.26847375071464,8.714834345627693,9.15293134010634,4,0.35,0.004,10,0.008,0.003,9.0,0.005
774,9.106795171746146,9.268906994893555,8.716292489105587,9.152774950606457,4,0.55,0.004,10,0.008,0.003,9.0,0.005
775,9.106795171746146,9.268906994893555,8.716292489105587,9.152774950606457,4,0.75,0.004,10,0.008,0.003,9.0,0.005
776,9.20361795146073,9.33856240310268,8.88854502832853,9.246992107778421,5,0.15,0.004,10,0.008,0.003,9.0,0.005
777,9.20361795146073,9.33856240310268,8.88854502832853,9.246992107778421,5,0.35,0.004,10,0.008,0.003,9.0,0.005
778,9.206501270312538,9.338938593124286,8.889782644898117,9.246865456137982,5,0.55,0.004,10,0.008,0.003,9.0,0.005
779,9.206501270312538,9.338938593124286,8.889782644898117,9.246865456137982,5,0.75,0.004,10,0.008,0.003,9.0,0.005
780,9.274258193267599,9.387215720942317,9.001882828897246,9.307746513592503,6,0.15,0.004,10,0.008,0.003,9.0,0.005
781,9.274258193267599,9.387215720942317,9.001882828897246,9.307746513592503,6,0.35,0.004,10,0.008,0.003,9.0,0.005
782,9.27677258314246,9.387525397267648,9.002926807405457,9.307639256034337,6,0.55,0.004,10,0.008,0.003,9.0,0.005
783,9.27677258314246,9.387525397267648,9.002926807405457,9.307639256034337,6,0.75,0.004,10,0.008,0.003,9.0,0.005
784,8.843192652537866,8.99484328748377,8.178413401437275,8.578677235369703,3,0.15,0.004,10,0.008,0.004,9.0,0.005
785,8.843192652537866,8.99484328748377,8.178413401437275,8.578677235369703,3,0.35,0.004,10,0.008,0.004,9.0,0.005
786,8.84754487997248,8.996901574093757,8.179046073721794,8.576298666009114,3,0.55,0.004,10,0.008,0.004,9.0,0.005
787,8.84754487997248,8.996901574093757,8.179046073721794,8.576298666009114,3,0.75,0.004,10,0.008,0.004,9.0,0.005
788,9.029176899658157,9.146668795373635,8.5220687134161,8.834217866140843,4,0.15,0.004,10,0.008,0.004,9.0,0.005
789,9.029176899658157,9.146668795373635,8.5220687134161,8.834217866140843,4,0.35,0.004,10,0.008,0.004,9.0,0.005
790,9.032396945733538,9.14822192980964,8.522538567413802,8.832405009774943,4,0.55,0.004,10,0.008,0.004,9.0,0.005
791,9.032396945733538,9.14822192980964,8.522538567413802,8.832405009774943,4,0.75,0.004,10,0.008,0.004,9.0,0.005
792,9.142924687518132,9.244436523058452,8.72964779937255,8.986811012301205,5,0.15,0.004,10,0.008,0.004,9.0,0.005
793,9.142924687518132,9.244436523058452,8.72964779937255,8.986811012301205,5,0.35,0.004,10,0.008,0.004,9.0,0.005
794,9.145622415309157,9.24434400007603,8.730039598224991,8.985339165437315,5,0.55,0.004,10,0.008,0.004,9.0,0.005
795,9.145622415309157,9.24434400007603,8.730039598224991,8.985339165437315,5,0.75,0.004,10,0.008,0.004,9.0,0.005
796,9.222910175205927,9.305927560703646,8.865634278064872,9.086067125137278,6,0.15,0.004,10,0.008,0.004,9.0,0.005
797,9.222910175205927,9.305927560703646,8.865634278064872,9.086067125137278,6,0.35,0.004,10,0.008,0.004,9.0,0.005
798,9.22513655538072,9.305879801963577,8.865966355538182,9.084819482592483,6,0.55,0.004,10,0.008,0.004,9.0,0.005
799,9.22513655538072,9.305879801963577,8.865966355538182,9.084819482592483,6,0.75,0.004,10,0.008,0.004,9.0,0.005
